address12,1,0,0,2,1,static/img/hotel0.jpg,name12,phone12,408,1,-1
address12,1,0,0,2,2,static/img/hotel0.jpg,name12,phone12,400,2,-1
address13,1,0,0,3,3,static/img/hotel4.jpg,name13,phone13,414,1,-1
address13,1,0,0,3,4,static/img/hotel4.jpg,name13,phone13,490,2,-1
address14,1,0,0,4,5,static/img/hotel8.jpg,name14,phone14,420,1,-1
address14,1,0,0,4,6,static/img/hotel8.jpg,name14,phone14,662,2,-1
address15,1,0,0,5,7,static/img/hotel2.jpg,name15,phone15,501,1,-1
address15,1,0,0,5,8,static/img/hotel2.jpg,name15,phone15,687,2,-1
address22,2,0,0,2,9,static/img/hotel1.jpg,name22,phone22,227,1,-1
address22,2,0,0,2,10,static/img/hotel1.jpg,name22,phone22,438,2,-1
address23,2,0,0,3,11,static/img/hotel5.jpg,name23,phone23,440,1,-1
address23,2,0,0,3,12,static/img/hotel5.jpg,name23,phone23,705,2,-1
address24,2,0,0,4,13,static/img/hotel9.jpg,name24,phone24,344,1,-1
address24,2,0,0,4,14,static/img/hotel9.jpg,name24,phone24,505,2,-1
address25,2,0,0,5,15,static/img/hotel3.jpg,name25,phone25,434,1,-1
address25,2,0,0,5,16,static/img/hotel3.jpg,name25,phone25,844,2,-1
address32,3,0,0,2,17,static/img/hotel2.jpg,name32,phone32,226,1,-1
address32,3,0,0,2,18,static/img/hotel2.jpg,name32,phone32,530,2,-1
address33,3,0,0,3,19,static/img/hotel6.jpg,name33,phone33,354,1,-1
address33,3,0,0,3,20,static/img/hotel6.jpg,name33,phone33,714,2,-1
address34,3,0,0,4,21,static/img/hotel0.jpg,name34,phone34,487,1,-1
address34,3,0,0,4,22,static/img/hotel0.jpg,name34,phone34,588,2,-1
address35,3,0,0,5,23,static/img/hotel4.jpg,name35,phone35,350,1,-1
address35,3,0,0,5,24,static/img/hotel4.jpg,name35,phone35,756,2,-1
address42,4,0,0,2,25,static/img/hotel3.jpg,name42,phone42,278,1,-1
address42,4,0,0,2,26,static/img/hotel3.jpg,name42,phone42,693,2,-1
address43,4,0,0,3,27,static/img/hotel7.jpg,name43,phone43,302,1,-1
address43,4,0,0,3,28,static/img/hotel7.jpg,name43,phone43,709,2,-1
address44,4,0,0,4,29,static/img/hotel1.jpg,name44,phone44,491,1,-1
address44,4,0,0,4,30,static/img/hotel1.jpg,name44,phone44,695,2,-1
address45,4,0,0,5,31,static/img/hotel5.jpg,name45,phone45,495,1,-1
address45,4,0,0,5,32,static/img/hotel5.jpg,name45,phone45,780,2,-1
address52,5,0,0,2,33,static/img/hotel4.jpg,name52,phone52,482,1,-1
address52,5,0,0,2,34,static/img/hotel4.jpg,name52,phone52,614,2,-1
address53,5,0,0,3,35,static/img/hotel8.jpg,name53,phone53,483,1,-1
address53,5,0,0,3,36,static/img/hotel8.jpg,name53,phone53,694,2,-1
address54,5,0,0,4,37,static/img/hotel2.jpg,name54,phone54,326,1,-1
address54,5,0,0,4,38,static/img/hotel2.jpg,name54,phone54,783,2,-1
address55,5,0,0,5,39,static/img/hotel6.jpg,name55,phone55,543,1,-1
address55,5,0,0,5,40,static/img/hotel6.jpg,name55,phone55,821,2,-1
address62,6,0,0,2,41,static/img/hotel5.jpg,name62,phone62,356,1,-1
address62,6,0,0,2,42,static/img/hotel5.jpg,name62,phone62,651,2,-1
address63,6,0,0,3,43,static/img/hotel9.jpg,name63,phone63,292,1,-1
address63,6,0,0,3,44,static/img/hotel9.jpg,name63,phone63,556,2,-1
address64,6,0,0,4,45,static/img/hotel3.jpg,name64,phone64,313,1,-1
address64,6,0,0,4,46,static/img/hotel3.jpg,name64,phone64,707,2,-1
address65,6,0,0,5,47,static/img/hotel7.jpg,name65,phone65,548,1,-1
address65,6,0,0,5,48,static/img/hotel7.jpg,name65,phone65,660,2,-1
address72,7,0,0,2,49,static/img/hotel6.jpg,name72,phone72,376,1,-1
address72,7,0,0,2,50,static/img/hotel6.jpg,name72,phone72,645,2,-1
address73,7,0,0,3,51,static/img/hotel0.jpg,name73,phone73,256,1,-1
address73,7,0,0,3,52,static/img/hotel0.jpg,name73,phone73,732,2,-1
address74,7,0,0,4,53,static/img/hotel4.jpg,name74,phone74,393,1,-1
address74,7,0,0,4,54,static/img/hotel4.jpg,name74,phone74,605,2,-1
address75,7,0,0,5,55,static/img/hotel8.jpg,name75,phone75,619,1,-1
address75,7,0,0,5,56,static/img/hotel8.jpg,name75,phone75,777,2,-1
address82,8,0,0,2,57,static/img/hotel7.jpg,name82,phone82,422,1,-1
address82,8,0,0,2,58,static/img/hotel7.jpg,name82,phone82,402,2,-1
address83,8,0,0,3,59,static/img/hotel1.jpg,name83,phone83,494,1,-1
address83,8,0,0,3,60,static/img/hotel1.jpg,name83,phone83,668,2,-1
address84,8,0,0,4,61,static/img/hotel5.jpg,name84,phone84,313,1,-1
address84,8,0,0,4,62,static/img/hotel5.jpg,name84,phone84,540,2,-1
address85,8,0,0,5,63,static/img/hotel9.jpg,name85,phone85,524,1,-1
address85,8,0,0,5,64,static/img/hotel9.jpg,name85,phone85,578,2,-1
address92,9,0,0,2,65,static/img/hotel8.jpg,name92,phone92,328,1,-1
address92,9,0,0,2,66,static/img/hotel8.jpg,name92,phone92,418,2,-1
address93,9,0,0,3,67,static/img/hotel2.jpg,name93,phone93,506,1,-1
address93,9,0,0,3,68,static/img/hotel2.jpg,name93,phone93,651,2,-1
address94,9,0,0,4,69,static/img/hotel6.jpg,name94,phone94,505,1,-1
address94,9,0,0,4,70,static/img/hotel6.jpg,name94,phone94,784,2,-1
address95,9,0,0,5,71,static/img/hotel0.jpg,name95,phone95,531,1,-1
address95,9,0,0,5,72,static/img/hotel0.jpg,name95,phone95,574,2,-1
address102,10,0,0,2,73,static/img/hotel9.jpg,name102,phone102,388,1,-1
address102,10,0,0,2,74,static/img/hotel9.jpg,name102,phone102,409,2,-1
address103,10,0,0,3,75,static/img/hotel3.jpg,name103,phone103,290,1,-1
address103,10,0,0,3,76,static/img/hotel3.jpg,name103,phone103,524,2,-1
address104,10,0,0,4,77,static/img/hotel7.jpg,name104,phone104,427,1,-1
address104,10,0,0,4,78,static/img/hotel7.jpg,name104,phone104,503,2,-1
address105,10,0,0,5,79,static/img/hotel1.jpg,name105,phone105,493,1,-1
address105,10,0,0,5,80,static/img/hotel1.jpg,name105,phone105,564,2,-1
address112,11,0,0,2,81,static/img/hotel0.jpg,name112,phone112,218,1,-1
address112,11,0,0,2,82,static/img/hotel0.jpg,name112,phone112,608,2,-1
address113,11,0,0,3,83,static/img/hotel4.jpg,name113,phone113,498,1,-1
address113,11,0,0,3,84,static/img/hotel4.jpg,name113,phone113,728,2,-1
address114,11,0,0,4,85,static/img/hotel8.jpg,name114,phone114,317,1,-1
address114,11,0,0,4,86,static/img/hotel8.jpg,name114,phone114,792,2,-1
address115,11,0,0,5,87,static/img/hotel2.jpg,name115,phone115,424,1,-1
address115,11,0,0,5,88,static/img/hotel2.jpg,name115,phone115,719,2,-1
address122,12,0,0,2,89,static/img/hotel1.jpg,name122,phone122,268,1,-1
address122,12,0,0,2,90,static/img/hotel1.jpg,name122,phone122,569,2,-1
address123,12,0,0,3,91,static/img/hotel5.jpg,name123,phone123,543,1,-1
address123,12,0,0,3,92,static/img/hotel5.jpg,name123,phone123,687,2,-1
address124,12,0,0,4,93,static/img/hotel9.jpg,name124,phone124,308,1,-1
address124,12,0,0,4,94,static/img/hotel9.jpg,name124,phone124,608,2,-1
address125,12,0,0,5,95,static/img/hotel3.jpg,name125,phone125,466,1,-1
address125,12,0,0,5,96,static/img/hotel3.jpg,name125,phone125,701,2,-1
address132,13,0,0,2,97,static/img/hotel2.jpg,name132,phone132,404,1,-1
address132,13,0,0,2,98,static/img/hotel2.jpg,name132,phone132,493,2,-1
address133,13,0,0,3,99,static/img/hotel6.jpg,name133,phone133,339,1,-1
address133,13,0,0,3,100,static/img/hotel6.jpg,name133,phone133,516,2,-1
address134,13,0,0,4,101,static/img/hotel0.jpg,name134,phone134,483,1,-1
address134,13,0,0,4,102,static/img/hotel0.jpg,name134,phone134,739,2,-1
address135,13,0,0,5,103,static/img/hotel4.jpg,name135,phone135,527,1,-1
address135,13,0,0,5,104,static/img/hotel4.jpg,name135,phone135,802,2,-1
address142,14,0,0,2,105,static/img/hotel3.jpg,name142,phone142,381,1,-1
address142,14,0,0,2,106,static/img/hotel3.jpg,name142,phone142,469,2,-1
address143,14,0,0,3,107,static/img/hotel7.jpg,name143,phone143,395,1,-1
address143,14,0,0,3,108,static/img/hotel7.jpg,name143,phone143,495,2,-1
address144,14,0,0,4,109,static/img/hotel1.jpg,name144,phone144,365,1,-1
address144,14,0,0,4,110,static/img/hotel1.jpg,name144,phone144,673,2,-1
address145,14,0,0,5,111,static/img/hotel5.jpg,name145,phone145,373,1,-1
address145,14,0,0,5,112,static/img/hotel5.jpg,name145,phone145,632,2,-1
address152,15,0,0,2,113,static/img/hotel4.jpg,name152,phone152,330,1,-1
address152,15,0,0,2,114,static/img/hotel4.jpg,name152,phone152,432,2,-1
address153,15,0,0,3,115,static/img/hotel8.jpg,name153,phone153,520,1,-1
address153,15,0,0,3,116,static/img/hotel8.jpg,name153,phone153,531,2,-1
address154,15,0,0,4,117,static/img/hotel2.jpg,name154,phone154,374,1,-1
address154,15,0,0,4,118,static/img/hotel2.jpg,name154,phone154,763,2,-1
address155,15,0,0,5,119,static/img/hotel6.jpg,name155,phone155,559,1,-1
address155,15,0,0,5,120,static/img/hotel6.jpg,name155,phone155,747,2,-1
address162,16,0,0,2,121,static/img/hotel5.jpg,name162,phone162,264,1,-1
address162,16,0,0,2,122,static/img/hotel5.jpg,name162,phone162,685,2,-1
address163,16,0,0,3,123,static/img/hotel9.jpg,name163,phone163,366,1,-1
address163,16,0,0,3,124,static/img/hotel9.jpg,name163,phone163,542,2,-1
address164,16,0,0,4,125,static/img/hotel3.jpg,name164,phone164,502,1,-1
address164,16,0,0,4,126,static/img/hotel3.jpg,name164,phone164,721,2,-1
address165,16,0,0,5,127,static/img/hotel7.jpg,name165,phone165,642,1,-1
address165,16,0,0,5,128,static/img/hotel7.jpg,name165,phone165,763,2,-1
address172,17,0,0,2,129,static/img/hotel6.jpg,name172,phone172,327,1,-1
address172,17,0,0,2,130,static/img/hotel6.jpg,name172,phone172,602,2,-1
address173,17,0,0,3,131,static/img/hotel0.jpg,name173,phone173,287,1,-1
address173,17,0,0,3,132,static/img/hotel0.jpg,name173,phone173,609,2,-1
address174,17,0,0,4,133,static/img/hotel4.jpg,name174,phone174,520,1,-1
address174,17,0,0,4,134,static/img/hotel4.jpg,name174,phone174,594,2,-1
address175,17,0,0,5,135,static/img/hotel8.jpg,name175,phone175,473,1,-1
address175,17,0,0,5,136,static/img/hotel8.jpg,name175,phone175,566,2,-1
address182,18,0,0,2,137,static/img/hotel7.jpg,name182,phone182,262,1,-1
address182,18,0,0,2,138,static/img/hotel7.jpg,name182,phone182,677,2,-1
address183,18,0,0,3,139,static/img/hotel1.jpg,name183,phone183,312,1,-1
address183,18,0,0,3,140,static/img/hotel1.jpg,name183,phone183,523,2,-1
address184,18,0,0,4,141,static/img/hotel5.jpg,name184,phone184,420,1,-1
address184,18,0,0,4,142,static/img/hotel5.jpg,name184,phone184,533,2,-1
address185,18,0,0,5,143,static/img/hotel9.jpg,name185,phone185,638,1,-1
address185,18,0,0,5,144,static/img/hotel9.jpg,name185,phone185,605,2,-1
address192,19,0,0,2,145,static/img/hotel8.jpg,name192,phone192,458,1,-1
address192,19,0,0,2,146,static/img/hotel8.jpg,name192,phone192,696,2,-1
address193,19,0,0,3,147,static/img/hotel2.jpg,name193,phone193,306,1,-1
address193,19,0,0,3,148,static/img/hotel2.jpg,name193,phone193,637,2,-1
address194,19,0,0,4,149,static/img/hotel6.jpg,name194,phone194,369,1,-1
address194,19,0,0,4,150,static/img/hotel6.jpg,name194,phone194,764,2,-1
address195,19,0,0,5,151,static/img/hotel0.jpg,name195,phone195,618,1,-1
address195,19,0,0,5,152,static/img/hotel0.jpg,name195,phone195,699,2,-1
address202,20,0,0,2,153,static/img/hotel9.jpg,name202,phone202,415,1,-1
address202,20,0,0,2,154,static/img/hotel9.jpg,name202,phone202,482,2,-1
address203,20,0,0,3,155,static/img/hotel3.jpg,name203,phone203,310,1,-1
address203,20,0,0,3,156,static/img/hotel3.jpg,name203,phone203,464,2,-1
address204,20,0,0,4,157,static/img/hotel7.jpg,name204,phone204,591,1,-1
address204,20,0,0,4,158,static/img/hotel7.jpg,name204,phone204,709,2,-1
address205,20,0,0,5,159,static/img/hotel1.jpg,name205,phone205,604,1,-1
address205,20,0,0,5,160,static/img/hotel1.jpg,name205,phone205,643,2,-1
address212,21,0,0,2,161,static/img/hotel0.jpg,name212,phone212,410,1,-1
address212,21,0,0,2,162,static/img/hotel0.jpg,name212,phone212,682,2,-1
address213,21,0,0,3,163,static/img/hotel4.jpg,name213,phone213,465,1,-1
address213,21,0,0,3,164,static/img/hotel4.jpg,name213,phone213,716,2,-1
address214,21,0,0,4,165,static/img/hotel8.jpg,name214,phone214,561,1,-1
address214,21,0,0,4,166,static/img/hotel8.jpg,name214,phone214,599,2,-1
address215,21,0,0,5,167,static/img/hotel2.jpg,name215,phone215,358,1,-1
address215,21,0,0,5,168,static/img/hotel2.jpg,name215,phone215,813,2,-1
address222,22,0,0,2,169,static/img/hotel1.jpg,name222,phone222,363,1,-1
address222,22,0,0,2,170,static/img/hotel1.jpg,name222,phone222,441,2,-1
address223,22,0,0,3,171,static/img/hotel5.jpg,name223,phone223,504,1,-1
address223,22,0,0,3,172,static/img/hotel5.jpg,name223,phone223,581,2,-1
address224,22,0,0,4,173,static/img/hotel9.jpg,name224,phone224,383,1,-1
address224,22,0,0,4,174,static/img/hotel9.jpg,name224,phone224,731,2,-1
address225,22,0,0,5,175,static/img/hotel3.jpg,name225,phone225,522,1,-1
address225,22,0,0,5,176,static/img/hotel3.jpg,name225,phone225,817,2,-1
address232,23,0,0,2,177,static/img/hotel2.jpg,name232,phone232,432,1,-1
address232,23,0,0,2,178,static/img/hotel2.jpg,name232,phone232,504,2,-1
address233,23,0,0,3,179,static/img/hotel6.jpg,name233,phone233,373,1,-1
address233,23,0,0,3,180,static/img/hotel6.jpg,name233,phone233,629,2,-1
address234,23,0,0,4,181,static/img/hotel0.jpg,name234,phone234,373,1,-1
address234,23,0,0,4,182,static/img/hotel0.jpg,name234,phone234,737,2,-1
address235,23,0,0,5,183,static/img/hotel4.jpg,name235,phone235,474,1,-1
address235,23,0,0,5,184,static/img/hotel4.jpg,name235,phone235,593,2,-1
address242,24,0,0,2,185,static/img/hotel3.jpg,name242,phone242,455,1,-1
address242,24,0,0,2,186,static/img/hotel3.jpg,name242,phone242,544,2,-1
address243,24,0,0,3,187,static/img/hotel7.jpg,name243,phone243,263,1,-1
address243,24,0,0,3,188,static/img/hotel7.jpg,name243,phone243,470,2,-1
address244,24,0,0,4,189,static/img/hotel1.jpg,name244,phone244,502,1,-1
address244,24,0,0,4,190,static/img/hotel1.jpg,name244,phone244,789,2,-1
address245,24,0,0,5,191,static/img/hotel5.jpg,name245,phone245,544,1,-1
address245,24,0,0,5,192,static/img/hotel5.jpg,name245,phone245,813,2,-1
address252,25,0,0,2,193,static/img/hotel4.jpg,name252,phone252,363,1,-1
address252,25,0,0,2,194,static/img/hotel4.jpg,name252,phone252,492,2,-1
address253,25,0,0,3,195,static/img/hotel8.jpg,name253,phone253,365,1,-1
address253,25,0,0,3,196,static/img/hotel8.jpg,name253,phone253,739,2,-1
address254,25,0,0,4,197,static/img/hotel2.jpg,name254,phone254,325,1,-1
address254,25,0,0,4,198,static/img/hotel2.jpg,name254,phone254,700,2,-1
address255,25,0,0,5,199,static/img/hotel6.jpg,name255,phone255,502,1,-1
address255,25,0,0,5,200,static/img/hotel6.jpg,name255,phone255,731,2,-1
address262,26,0,0,2,201,static/img/hotel5.jpg,name262,phone262,388,1,-1
address262,26,0,0,2,202,static/img/hotel5.jpg,name262,phone262,647,2,-1
address263,26,0,0,3,203,static/img/hotel9.jpg,name263,phone263,488,1,-1
address263,26,0,0,3,204,static/img/hotel9.jpg,name263,phone263,628,2,-1
address264,26,0,0,4,205,static/img/hotel3.jpg,name264,phone264,367,1,-1
address264,26,0,0,4,206,static/img/hotel3.jpg,name264,phone264,714,2,-1
address265,26,0,0,5,207,static/img/hotel7.jpg,name265,phone265,554,1,-1
address265,26,0,0,5,208,static/img/hotel7.jpg,name265,phone265,658,2,-1
address272,27,0,0,2,209,static/img/hotel6.jpg,name272,phone272,370,1,-1
address272,27,0,0,2,210,static/img/hotel6.jpg,name272,phone272,477,2,-1
address273,27,0,0,3,211,static/img/hotel0.jpg,name273,phone273,407,1,-1
address273,27,0,0,3,212,static/img/hotel0.jpg,name273,phone273,652,2,-1
address274,27,0,0,4,213,static/img/hotel4.jpg,name274,phone274,575,1,-1
address274,27,0,0,4,214,static/img/hotel4.jpg,name274,phone274,748,2,-1
address275,27,0,0,5,215,static/img/hotel8.jpg,name275,phone275,598,1,-1
address275,27,0,0,5,216,static/img/hotel8.jpg,name275,phone275,824,2,-1
address282,28,0,0,2,217,static/img/hotel7.jpg,name282,phone282,402,1,-1
address282,28,0,0,2,218,static/img/hotel7.jpg,name282,phone282,532,2,-1
address283,28,0,0,3,219,static/img/hotel1.jpg,name283,phone283,318,1,-1
address283,28,0,0,3,220,static/img/hotel1.jpg,name283,phone283,460,2,-1
address284,28,0,0,4,221,static/img/hotel5.jpg,name284,phone284,544,1,-1
address284,28,0,0,4,222,static/img/hotel5.jpg,name284,phone284,797,2,-1
address285,28,0,0,5,223,static/img/hotel9.jpg,name285,phone285,597,1,-1
address285,28,0,0,5,224,static/img/hotel9.jpg,name285,phone285,662,2,-1
address292,29,0,0,2,225,static/img/hotel8.jpg,name292,phone292,328,1,-1
address292,29,0,0,2,226,static/img/hotel8.jpg,name292,phone292,681,2,-1
address293,29,0,0,3,227,static/img/hotel2.jpg,name293,phone293,532,1,-1
address293,29,0,0,3,228,static/img/hotel2.jpg,name293,phone293,543,2,-1
address294,29,0,0,4,229,static/img/hotel6.jpg,name294,phone294,497,1,-1
address294,29,0,0,4,230,static/img/hotel6.jpg,name294,phone294,714,2,-1
address295,29,0,0,5,231,static/img/hotel0.jpg,name295,phone295,476,1,-1
address295,29,0,0,5,232,static/img/hotel0.jpg,name295,phone295,736,2,-1
address302,30,0,0,2,233,static/img/hotel9.jpg,name302,phone302,257,1,-1
address302,30,0,0,2,234,static/img/hotel9.jpg,name302,phone302,630,2,-1
address303,30,0,0,3,235,static/img/hotel3.jpg,name303,phone303,531,1,-1
address303,30,0,0,3,236,static/img/hotel3.jpg,name303,phone303,601,2,-1
address304,30,0,0,4,237,static/img/hotel7.jpg,name304,phone304,300,1,-1
address304,30,0,0,4,238,static/img/hotel7.jpg,name304,phone304,636,2,-1
address305,30,0,0,5,239,static/img/hotel1.jpg,name305,phone305,438,1,-1
address305,30,0,0,5,240,static/img/hotel1.jpg,name305,phone305,723,2,-1
address312,31,0,0,2,241,static/img/hotel0.jpg,name312,phone312,398,1,-1
address312,31,0,0,2,242,static/img/hotel0.jpg,name312,phone312,414,2,-1
address313,31,0,0,3,243,static/img/hotel4.jpg,name313,phone313,299,1,-1
address313,31,0,0,3,244,static/img/hotel4.jpg,name313,phone313,742,2,-1
address314,31,0,0,4,245,static/img/hotel8.jpg,name314,phone314,578,1,-1
address314,31,0,0,4,246,static/img/hotel8.jpg,name314,phone314,570,2,-1
address315,31,0,0,5,247,static/img/hotel2.jpg,name315,phone315,620,1,-1
address315,31,0,0,5,248,static/img/hotel2.jpg,name315,phone315,596,2,-1
address322,32,0,0,2,249,static/img/hotel1.jpg,name322,phone322,250,1,-1
address322,32,0,0,2,250,static/img/hotel1.jpg,name322,phone322,510,2,-1
address323,32,0,0,3,251,static/img/hotel5.jpg,name323,phone323,414,1,-1
address323,32,0,0,3,252,static/img/hotel5.jpg,name323,phone323,617,2,-1
address324,32,0,0,4,253,static/img/hotel9.jpg,name324,phone324,596,1,-1
address324,32,0,0,4,254,static/img/hotel9.jpg,name324,phone324,653,2,-1
address325,32,0,0,5,255,static/img/hotel3.jpg,name325,phone325,553,1,-1
address325,32,0,0,5,256,static/img/hotel3.jpg,name325,phone325,844,2,-1
address332,33,0,0,2,257,static/img/hotel2.jpg,name332,phone332,380,1,-1
address332,33,0,0,2,258,static/img/hotel2.jpg,name332,phone332,612,2,-1
address333,33,0,0,3,259,static/img/hotel6.jpg,name333,phone333,536,1,-1
address333,33,0,0,3,260,static/img/hotel6.jpg,name333,phone333,471,2,-1
address334,33,0,0,4,261,static/img/hotel0.jpg,name334,phone334,369,1,-1
address334,33,0,0,4,262,static/img/hotel0.jpg,name334,phone334,525,2,-1
address335,33,0,0,5,263,static/img/hotel4.jpg,name335,phone335,358,1,-1
address335,33,0,0,5,264,static/img/hotel4.jpg,name335,phone335,776,2,-1
address342,34,0,0,2,265,static/img/hotel3.jpg,name342,phone342,274,1,-1
address342,34,0,0,2,266,static/img/hotel3.jpg,name342,phone342,631,2,-1
address343,34,0,0,3,267,static/img/hotel7.jpg,name343,phone343,356,1,-1
address343,34,0,0,3,268,static/img/hotel7.jpg,name343,phone343,572,2,-1
address344,34,0,0,4,269,static/img/hotel1.jpg,name344,phone344,557,1,-1
address344,34,0,0,4,270,static/img/hotel1.jpg,name344,phone344,731,2,-1
address345,34,0,0,5,271,static/img/hotel5.jpg,name345,phone345,386,1,-1
address345,34,0,0,5,272,static/img/hotel5.jpg,name345,phone345,776,2,-1
address352,35,0,0,2,273,static/img/hotel4.jpg,name352,phone352,322,1,-1
address352,35,0,0,2,274,static/img/hotel4.jpg,name352,phone352,564,2,-1
address353,35,0,0,3,275,static/img/hotel8.jpg,name353,phone353,546,1,-1
address353,35,0,0,3,276,static/img/hotel8.jpg,name353,phone353,682,2,-1
address354,35,0,0,4,277,static/img/hotel2.jpg,name354,phone354,383,1,-1
address354,35,0,0,4,278,static/img/hotel2.jpg,name354,phone354,543,2,-1
address355,35,0,0,5,279,static/img/hotel6.jpg,name355,phone355,394,1,-1
address355,35,0,0,5,280,static/img/hotel6.jpg,name355,phone355,669,2,-1
address362,36,0,0,2,281,static/img/hotel5.jpg,name362,phone362,361,1,-1
address362,36,0,0,2,282,static/img/hotel5.jpg,name362,phone362,565,2,-1
address363,36,0,0,3,283,static/img/hotel9.jpg,name363,phone363,311,1,-1
address363,36,0,0,3,284,static/img/hotel9.jpg,name363,phone363,614,2,-1
address364,36,0,0,4,285,static/img/hotel3.jpg,name364,phone364,443,1,-1
address364,36,0,0,4,286,static/img/hotel3.jpg,name364,phone364,785,2,-1
address365,36,0,0,5,287,static/img/hotel7.jpg,name365,phone365,414,1,-1
address365,36,0,0,5,288,static/img/hotel7.jpg,name365,phone365,661,2,-1
address372,37,0,0,2,289,static/img/hotel6.jpg,name372,phone372,446,1,-1
address372,37,0,0,2,290,static/img/hotel6.jpg,name372,phone372,645,2,-1
address373,37,0,0,3,291,static/img/hotel0.jpg,name373,phone373,452,1,-1
address373,37,0,0,3,292,static/img/hotel0.jpg,name373,phone373,516,2,-1
address374,37,0,0,4,293,static/img/hotel4.jpg,name374,phone374,428,1,-1
address374,37,0,0,4,294,static/img/hotel4.jpg,name374,phone374,517,2,-1
address375,37,0,0,5,295,static/img/hotel8.jpg,name375,phone375,558,1,-1
address375,37,0,0,5,296,static/img/hotel8.jpg,name375,phone375,835,2,-1
address382,38,0,0,2,297,static/img/hotel7.jpg,name382,phone382,367,1,-1
address382,38,0,0,2,298,static/img/hotel7.jpg,name382,phone382,684,2,-1
address383,38,0,0,3,299,static/img/hotel1.jpg,name383,phone383,318,1,-1
address383,38,0,0,3,300,static/img/hotel1.jpg,name383,phone383,564,2,-1
address384,38,0,0,4,301,static/img/hotel5.jpg,name384,phone384,514,1,-1
address384,38,0,0,4,302,static/img/hotel5.jpg,name384,phone384,545,2,-1
address385,38,0,0,5,303,static/img/hotel9.jpg,name385,phone385,361,1,-1
address385,38,0,0,5,304,static/img/hotel9.jpg,name385,phone385,729,2,-1
address392,39,0,0,2,305,static/img/hotel8.jpg,name392,phone392,472,1,-1
address392,39,0,0,2,306,static/img/hotel8.jpg,name392,phone392,442,2,-1
address393,39,0,0,3,307,static/img/hotel2.jpg,name393,phone393,366,1,-1
address393,39,0,0,3,308,static/img/hotel2.jpg,name393,phone393,537,2,-1
address394,39,0,0,4,309,static/img/hotel6.jpg,name394,phone394,349,1,-1
address394,39,0,0,4,310,static/img/hotel6.jpg,name394,phone394,783,2,-1
address395,39,0,0,5,311,static/img/hotel0.jpg,name395,phone395,641,1,-1
address395,39,0,0,5,312,static/img/hotel0.jpg,name395,phone395,708,2,-1
address402,40,0,0,2,313,static/img/hotel9.jpg,name402,phone402,237,1,-1
address402,40,0,0,2,314,static/img/hotel9.jpg,name402,phone402,557,2,-1
address403,40,0,0,3,315,static/img/hotel3.jpg,name403,phone403,369,1,-1
address403,40,0,0,3,316,static/img/hotel3.jpg,name403,phone403,627,2,-1
address404,40,0,0,4,317,static/img/hotel7.jpg,name404,phone404,504,1,-1
address404,40,0,0,4,318,static/img/hotel7.jpg,name404,phone404,533,2,-1
address405,40,0,0,5,319,static/img/hotel1.jpg,name405,phone405,445,1,-1
address405,40,0,0,5,320,static/img/hotel1.jpg,name405,phone405,648,2,-1
address412,41,0,0,2,321,static/img/hotel0.jpg,name412,phone412,296,1,-1
address412,41,0,0,2,322,static/img/hotel0.jpg,name412,phone412,529,2,-1
address413,41,0,0,3,323,static/img/hotel4.jpg,name413,phone413,381,1,-1
address413,41,0,0,3,324,static/img/hotel4.jpg,name413,phone413,506,2,-1
address414,41,0,0,4,325,static/img/hotel8.jpg,name414,phone414,346,1,-1
address414,41,0,0,4,326,static/img/hotel8.jpg,name414,phone414,618,2,-1
address415,41,0,0,5,327,static/img/hotel2.jpg,name415,phone415,493,1,-1
address415,41,0,0,5,328,static/img/hotel2.jpg,name415,phone415,629,2,-1
address422,42,0,0,2,329,static/img/hotel1.jpg,name422,phone422,268,1,-1
address422,42,0,0,2,330,static/img/hotel1.jpg,name422,phone422,669,2,-1
address423,42,0,0,3,331,static/img/hotel5.jpg,name423,phone423,314,1,-1
address423,42,0,0,3,332,static/img/hotel5.jpg,name423,phone423,658,2,-1
address424,42,0,0,4,333,static/img/hotel9.jpg,name424,phone424,348,1,-1
address424,42,0,0,4,334,static/img/hotel9.jpg,name424,phone424,520,2,-1
address425,42,0,0,5,335,static/img/hotel3.jpg,name425,phone425,645,1,-1
address425,42,0,0,5,336,static/img/hotel3.jpg,name425,phone425,727,2,-1
address432,43,0,0,2,337,static/img/hotel2.jpg,name432,phone432,479,1,-1
address432,43,0,0,2,338,static/img/hotel2.jpg,name432,phone432,500,2,-1
address433,43,0,0,3,339,static/img/hotel6.jpg,name433,phone433,354,1,-1
address433,43,0,0,3,340,static/img/hotel6.jpg,name433,phone433,714,2,-1
address434,43,0,0,4,341,static/img/hotel0.jpg,name434,phone434,557,1,-1
address434,43,0,0,4,342,static/img/hotel0.jpg,name434,phone434,674,2,-1
address435,43,0,0,5,343,static/img/hotel4.jpg,name435,phone435,553,1,-1
address435,43,0,0,5,344,static/img/hotel4.jpg,name435,phone435,647,2,-1
address442,44,0,0,2,345,static/img/hotel3.jpg,name442,phone442,380,1,-1
address442,44,0,0,2,346,static/img/hotel3.jpg,name442,phone442,587,2,-1
address443,44,0,0,3,347,static/img/hotel7.jpg,name443,phone443,257,1,-1
address443,44,0,0,3,348,static/img/hotel7.jpg,name443,phone443,451,2,-1
address444,44,0,0,4,349,static/img/hotel1.jpg,name444,phone444,448,1,-1
address444,44,0,0,4,350,static/img/hotel1.jpg,name444,phone444,765,2,-1
address445,44,0,0,5,351,static/img/hotel5.jpg,name445,phone445,437,1,-1
address445,44,0,0,5,352,static/img/hotel5.jpg,name445,phone445,845,2,-1
address452,45,0,0,2,353,static/img/hotel4.jpg,name452,phone452,309,1,-1
address452,45,0,0,2,354,static/img/hotel4.jpg,name452,phone452,611,2,-1
address453,45,0,0,3,355,static/img/hotel8.jpg,name453,phone453,305,1,-1
address453,45,0,0,3,356,static/img/hotel8.jpg,name453,phone453,504,2,-1
address454,45,0,0,4,357,static/img/hotel2.jpg,name454,phone454,465,1,-1
address454,45,0,0,4,358,static/img/hotel2.jpg,name454,phone454,632,2,-1
address455,45,0,0,5,359,static/img/hotel6.jpg,name455,phone455,474,1,-1
address455,45,0,0,5,360,static/img/hotel6.jpg,name455,phone455,771,2,-1
address462,46,0,0,2,361,static/img/hotel5.jpg,name462,phone462,409,1,-1
address462,46,0,0,2,362,static/img/hotel5.jpg,name462,phone462,525,2,-1
address463,46,0,0,3,363,static/img/hotel9.jpg,name463,phone463,334,1,-1
address463,46,0,0,3,364,static/img/hotel9.jpg,name463,phone463,490,2,-1
address464,46,0,0,4,365,static/img/hotel3.jpg,name464,phone464,535,1,-1
address464,46,0,0,4,366,static/img/hotel3.jpg,name464,phone464,541,2,-1
address465,46,0,0,5,367,static/img/hotel7.jpg,name465,phone465,400,1,-1
address465,46,0,0,5,368,static/img/hotel7.jpg,name465,phone465,636,2,-1
address472,47,0,0,2,369,static/img/hotel6.jpg,name472,phone472,442,1,-1
address472,47,0,0,2,370,static/img/hotel6.jpg,name472,phone472,683,2,-1
address473,47,0,0,3,371,static/img/hotel0.jpg,name473,phone473,458,1,-1
address473,47,0,0,3,372,static/img/hotel0.jpg,name473,phone473,595,2,-1
address474,47,0,0,4,373,static/img/hotel4.jpg,name474,phone474,482,1,-1
address474,47,0,0,4,374,static/img/hotel4.jpg,name474,phone474,644,2,-1
address475,47,0,0,5,375,static/img/hotel8.jpg,name475,phone475,430,1,-1
address475,47,0,0,5,376,static/img/hotel8.jpg,name475,phone475,796,2,-1
address482,48,0,0,2,377,static/img/hotel7.jpg,name482,phone482,248,1,-1
address482,48,0,0,2,378,static/img/hotel7.jpg,name482,phone482,610,2,-1
address483,48,0,0,3,379,static/img/hotel1.jpg,name483,phone483,394,1,-1
address483,48,0,0,3,380,static/img/hotel1.jpg,name483,phone483,523,2,-1
address484,48,0,0,4,381,static/img/hotel5.jpg,name484,phone484,550,1,-1
address484,48,0,0,4,382,static/img/hotel5.jpg,name484,phone484,664,2,-1
address485,48,0,0,5,383,static/img/hotel9.jpg,name485,phone485,468,1,-1
address485,48,0,0,5,384,static/img/hotel9.jpg,name485,phone485,836,2,-1
address492,49,0,0,2,385,static/img/hotel8.jpg,name492,phone492,496,1,-1
address492,49,0,0,2,386,static/img/hotel8.jpg,name492,phone492,547,2,-1
address493,49,0,0,3,387,static/img/hotel2.jpg,name493,phone493,502,1,-1
address493,49,0,0,3,388,static/img/hotel2.jpg,name493,phone493,471,2,-1
address494,49,0,0,4,389,static/img/hotel6.jpg,name494,phone494,382,1,-1
address494,49,0,0,4,390,static/img/hotel6.jpg,name494,phone494,539,2,-1
address495,49,0,0,5,391,static/img/hotel0.jpg,name495,phone495,391,1,-1
address495,49,0,0,5,392,static/img/hotel0.jpg,name495,phone495,776,2,-1
address502,50,0,0,2,393,static/img/hotel9.jpg,name502,phone502,342,1,-1
address502,50,0,0,2,394,static/img/hotel9.jpg,name502,phone502,436,2,-1
address503,50,0,0,3,395,static/img/hotel3.jpg,name503,phone503,253,1,-1
address503,50,0,0,3,396,static/img/hotel3.jpg,name503,phone503,643,2,-1
address504,50,0,0,4,397,static/img/hotel7.jpg,name504,phone504,318,1,-1
address504,50,0,0,4,398,static/img/hotel7.jpg,name504,phone504,788,2,-1
address505,50,0,0,5,399,static/img/hotel1.jpg,name505,phone505,574,1,-1
address505,50,0,0,5,400,static/img/hotel1.jpg,name505,phone505,746,2,-1
address512,51,0,0,2,401,static/img/hotel0.jpg,name512,phone512,319,1,-1
address512,51,0,0,2,402,static/img/hotel0.jpg,name512,phone512,498,2,-1
address513,51,0,0,3,403,static/img/hotel4.jpg,name513,phone513,266,1,-1
address513,51,0,0,3,404,static/img/hotel4.jpg,name513,phone513,733,2,-1
address514,51,0,0,4,405,static/img/hotel8.jpg,name514,phone514,533,1,-1
address514,51,0,0,4,406,static/img/hotel8.jpg,name514,phone514,544,2,-1
address515,51,0,0,5,407,static/img/hotel2.jpg,name515,phone515,507,1,-1
address515,51,0,0,5,408,static/img/hotel2.jpg,name515,phone515,570,2,-1
address522,52,0,0,2,409,static/img/hotel1.jpg,name522,phone522,447,1,-1
address522,52,0,0,2,410,static/img/hotel1.jpg,name522,phone522,554,2,-1
address523,52,0,0,3,411,static/img/hotel5.jpg,name523,phone523,492,1,-1
address523,52,0,0,3,412,static/img/hotel5.jpg,name523,phone523,503,2,-1
address524,52,0,0,4,413,static/img/hotel9.jpg,name524,phone524,463,1,-1
address524,52,0,0,4,414,static/img/hotel9.jpg,name524,phone524,740,2,-1
address525,52,0,0,5,415,static/img/hotel3.jpg,name525,phone525,356,1,-1
address525,52,0,0,5,416,static/img/hotel3.jpg,name525,phone525,605,2,-1
address532,53,0,0,2,417,static/img/hotel2.jpg,name532,phone532,411,1,-1
address532,53,0,0,2,418,static/img/hotel2.jpg,name532,phone532,634,2,-1
address533,53,0,0,3,419,static/img/hotel6.jpg,name533,phone533,359,1,-1
address533,53,0,0,3,420,static/img/hotel6.jpg,name533,phone533,475,2,-1
address534,53,0,0,4,421,static/img/hotel0.jpg,name534,phone534,331,1,-1
address534,53,0,0,4,422,static/img/hotel0.jpg,name534,phone534,727,2,-1
address535,53,0,0,5,423,static/img/hotel4.jpg,name535,phone535,514,1,-1
address535,53,0,0,5,424,static/img/hotel4.jpg,name535,phone535,824,2,-1
address542,54,0,0,2,425,static/img/hotel3.jpg,name542,phone542,299,1,-1
address542,54,0,0,2,426,static/img/hotel3.jpg,name542,phone542,539,2,-1
address543,54,0,0,3,427,static/img/hotel7.jpg,name543,phone543,476,1,-1
address543,54,0,0,3,428,static/img/hotel7.jpg,name543,phone543,634,2,-1
address544,54,0,0,4,429,static/img/hotel1.jpg,name544,phone544,374,1,-1
address544,54,0,0,4,430,static/img/hotel1.jpg,name544,phone544,689,2,-1
address545,54,0,0,5,431,static/img/hotel5.jpg,name545,phone545,633,1,-1
address545,54,0,0,5,432,static/img/hotel5.jpg,name545,phone545,680,2,-1
address552,55,0,0,2,433,static/img/hotel4.jpg,name552,phone552,461,1,-1
address552,55,0,0,2,434,static/img/hotel4.jpg,name552,phone552,610,2,-1
address553,55,0,0,3,435,static/img/hotel8.jpg,name553,phone553,379,1,-1
address553,55,0,0,3,436,static/img/hotel8.jpg,name553,phone553,695,2,-1
address554,55,0,0,4,437,static/img/hotel2.jpg,name554,phone554,509,1,-1
address554,55,0,0,4,438,static/img/hotel2.jpg,name554,phone554,644,2,-1
address555,55,0,0,5,439,static/img/hotel6.jpg,name555,phone555,649,1,-1
address555,55,0,0,5,440,static/img/hotel6.jpg,name555,phone555,669,2,-1
address562,56,0,0,2,441,static/img/hotel5.jpg,name562,phone562,264,1,-1
address562,56,0,0,2,442,static/img/hotel5.jpg,name562,phone562,600,2,-1
address563,56,0,0,3,443,static/img/hotel9.jpg,name563,phone563,284,1,-1
address563,56,0,0,3,444,static/img/hotel9.jpg,name563,phone563,506,2,-1
address564,56,0,0,4,445,static/img/hotel3.jpg,name564,phone564,487,1,-1
address564,56,0,0,4,446,static/img/hotel3.jpg,name564,phone564,799,2,-1
address565,56,0,0,5,447,static/img/hotel7.jpg,name565,phone565,366,1,-1
address565,56,0,0,5,448,static/img/hotel7.jpg,name565,phone565,660,2,-1
address572,57,0,0,2,449,static/img/hotel6.jpg,name572,phone572,273,1,-1
address572,57,0,0,2,450,static/img/hotel6.jpg,name572,phone572,491,2,-1
address573,57,0,0,3,451,static/img/hotel0.jpg,name573,phone573,341,1,-1
address573,57,0,0,3,452,static/img/hotel0.jpg,name573,phone573,695,2,-1
address574,57,0,0,4,453,static/img/hotel4.jpg,name574,phone574,320,1,-1
address574,57,0,0,4,454,static/img/hotel4.jpg,name574,phone574,547,2,-1
address575,57,0,0,5,455,static/img/hotel8.jpg,name575,phone575,492,1,-1
address575,57,0,0,5,456,static/img/hotel8.jpg,name575,phone575,819,2,-1
address582,58,0,0,2,457,static/img/hotel7.jpg,name582,phone582,472,1,-1
address582,58,0,0,2,458,static/img/hotel7.jpg,name582,phone582,629,2,-1
address583,58,0,0,3,459,static/img/hotel1.jpg,name583,phone583,473,1,-1
address583,58,0,0,3,460,static/img/hotel1.jpg,name583,phone583,535,2,-1
address584,58,0,0,4,461,static/img/hotel5.jpg,name584,phone584,570,1,-1
address584,58,0,0,4,462,static/img/hotel5.jpg,name584,phone584,592,2,-1
address585,58,0,0,5,463,static/img/hotel9.jpg,name585,phone585,427,1,-1
address585,58,0,0,5,464,static/img/hotel9.jpg,name585,phone585,770,2,-1
address592,59,0,0,2,465,static/img/hotel8.jpg,name592,phone592,368,1,-1
address592,59,0,0,2,466,static/img/hotel8.jpg,name592,phone592,466,2,-1
address593,59,0,0,3,467,static/img/hotel2.jpg,name593,phone593,320,1,-1
address593,59,0,0,3,468,static/img/hotel2.jpg,name593,phone593,563,2,-1
address594,59,0,0,4,469,static/img/hotel6.jpg,name594,phone594,343,1,-1
address594,59,0,0,4,470,static/img/hotel6.jpg,name594,phone594,694,2,-1
address595,59,0,0,5,471,static/img/hotel0.jpg,name595,phone595,356,1,-1
address595,59,0,0,5,472,static/img/hotel0.jpg,name595,phone595,601,2,-1
address602,60,0,0,2,473,static/img/hotel9.jpg,name602,phone602,330,1,-1
address602,60,0,0,2,474,static/img/hotel9.jpg,name602,phone602,459,2,-1
address603,60,0,0,3,475,static/img/hotel3.jpg,name603,phone603,329,1,-1
address603,60,0,0,3,476,static/img/hotel3.jpg,name603,phone603,645,2,-1
address604,60,0,0,4,477,static/img/hotel7.jpg,name604,phone604,533,1,-1
address604,60,0,0,4,478,static/img/hotel7.jpg,name604,phone604,559,2,-1
address605,60,0,0,5,479,static/img/hotel1.jpg,name605,phone605,426,1,-1
address605,60,0,0,5,480,static/img/hotel1.jpg,name605,phone605,650,2,-1
address612,61,0,0,2,481,static/img/hotel0.jpg,name612,phone612,406,1,-1
address612,61,0,0,2,482,static/img/hotel0.jpg,name612,phone612,451,2,-1
address613,61,0,0,3,483,static/img/hotel4.jpg,name613,phone613,366,1,-1
address613,61,0,0,3,484,static/img/hotel4.jpg,name613,phone613,744,2,-1
address614,61,0,0,4,485,static/img/hotel8.jpg,name614,phone614,556,1,-1
address614,61,0,0,4,486,static/img/hotel8.jpg,name614,phone614,745,2,-1
address615,61,0,0,5,487,static/img/hotel2.jpg,name615,phone615,469,1,-1
address615,61,0,0,5,488,static/img/hotel2.jpg,name615,phone615,565,2,-1
address622,62,0,0,2,489,static/img/hotel1.jpg,name622,phone622,358,1,-1
address622,62,0,0,2,490,static/img/hotel1.jpg,name622,phone622,450,2,-1
address623,62,0,0,3,491,static/img/hotel5.jpg,name623,phone623,282,1,-1
address623,62,0,0,3,492,static/img/hotel5.jpg,name623,phone623,557,2,-1
address624,62,0,0,4,493,static/img/hotel9.jpg,name624,phone624,407,1,-1
address624,62,0,0,4,494,static/img/hotel9.jpg,name624,phone624,685,2,-1
address625,62,0,0,5,495,static/img/hotel3.jpg,name625,phone625,621,1,-1
address625,62,0,0,5,496,static/img/hotel3.jpg,name625,phone625,620,2,-1
address632,63,0,0,2,497,static/img/hotel2.jpg,name632,phone632,339,1,-1
address632,63,0,0,2,498,static/img/hotel2.jpg,name632,phone632,578,2,-1
address633,63,0,0,3,499,static/img/hotel6.jpg,name633,phone633,482,1,-1
address633,63,0,0,3,500,static/img/hotel6.jpg,name633,phone633,614,2,-1
address634,63,0,0,4,501,static/img/hotel0.jpg,name634,phone634,539,1,-1
address634,63,0,0,4,502,static/img/hotel0.jpg,name634,phone634,740,2,-1
address635,63,0,0,5,503,static/img/hotel4.jpg,name635,phone635,484,1,-1
address635,63,0,0,5,504,static/img/hotel4.jpg,name635,phone635,690,2,-1
address642,64,0,0,2,505,static/img/hotel3.jpg,name642,phone642,495,1,-1
address642,64,0,0,2,506,static/img/hotel3.jpg,name642,phone642,400,2,-1
address643,64,0,0,3,507,static/img/hotel7.jpg,name643,phone643,423,1,-1
address643,64,0,0,3,508,static/img/hotel7.jpg,name643,phone643,724,2,-1
address644,64,0,0,4,509,static/img/hotel1.jpg,name644,phone644,381,1,-1
address644,64,0,0,4,510,static/img/hotel1.jpg,name644,phone644,790,2,-1
address645,64,0,0,5,511,static/img/hotel5.jpg,name645,phone645,575,1,-1
address645,64,0,0,5,512,static/img/hotel5.jpg,name645,phone645,718,2,-1
address652,65,0,0,2,513,static/img/hotel4.jpg,name652,phone652,457,1,-1
address652,65,0,0,2,514,static/img/hotel4.jpg,name652,phone652,477,2,-1
address653,65,0,0,3,515,static/img/hotel8.jpg,name653,phone653,385,1,-1
address653,65,0,0,3,516,static/img/hotel8.jpg,name653,phone653,746,2,-1
address654,65,0,0,4,517,static/img/hotel2.jpg,name654,phone654,428,1,-1
address654,65,0,0,4,518,static/img/hotel2.jpg,name654,phone654,567,2,-1
address655,65,0,0,5,519,static/img/hotel6.jpg,name655,phone655,637,1,-1
address655,65,0,0,5,520,static/img/hotel6.jpg,name655,phone655,582,2,-1
address662,66,0,0,2,521,static/img/hotel5.jpg,name662,phone662,355,1,-1
address662,66,0,0,2,522,static/img/hotel5.jpg,name662,phone662,647,2,-1
address663,66,0,0,3,523,static/img/hotel9.jpg,name663,phone663,510,1,-1
address663,66,0,0,3,524,static/img/hotel9.jpg,name663,phone663,549,2,-1
address664,66,0,0,4,525,static/img/hotel3.jpg,name664,phone664,488,1,-1
address664,66,0,0,4,526,static/img/hotel3.jpg,name664,phone664,576,2,-1
address665,66,0,0,5,527,static/img/hotel7.jpg,name665,phone665,471,1,-1
address665,66,0,0,5,528,static/img/hotel7.jpg,name665,phone665,762,2,-1
address672,67,0,0,2,529,static/img/hotel6.jpg,name672,phone672,492,1,-1
address672,67,0,0,2,530,static/img/hotel6.jpg,name672,phone672,655,2,-1
address673,67,0,0,3,531,static/img/hotel0.jpg,name673,phone673,332,1,-1
address673,67,0,0,3,532,static/img/hotel0.jpg,name673,phone673,519,2,-1
address674,67,0,0,4,533,static/img/hotel4.jpg,name674,phone674,588,1,-1
address674,67,0,0,4,534,static/img/hotel4.jpg,name674,phone674,520,2,-1
address675,67,0,0,5,535,static/img/hotel8.jpg,name675,phone675,556,1,-1
address675,67,0,0,5,536,static/img/hotel8.jpg,name675,phone675,569,2,-1
address682,68,0,0,2,537,static/img/hotel7.jpg,name682,phone682,258,1,-1
address682,68,0,0,2,538,static/img/hotel7.jpg,name682,phone682,446,2,-1
address683,68,0,0,3,539,static/img/hotel1.jpg,name683,phone683,394,1,-1
address683,68,0,0,3,540,static/img/hotel1.jpg,name683,phone683,538,2,-1
address684,68,0,0,4,541,static/img/hotel5.jpg,name684,phone684,328,1,-1
address684,68,0,0,4,542,static/img/hotel5.jpg,name684,phone684,681,2,-1
address685,68,0,0,5,543,static/img/hotel9.jpg,name685,phone685,587,1,-1
address685,68,0,0,5,544,static/img/hotel9.jpg,name685,phone685,764,2,-1
address692,69,0,0,2,545,static/img/hotel8.jpg,name692,phone692,280,1,-1
address692,69,0,0,2,546,static/img/hotel8.jpg,name692,phone692,578,2,-1
address693,69,0,0,3,547,static/img/hotel2.jpg,name693,phone693,450,1,-1
address693,69,0,0,3,548,static/img/hotel2.jpg,name693,phone693,492,2,-1
address694,69,0,0,4,549,static/img/hotel6.jpg,name694,phone694,587,1,-1
address694,69,0,0,4,550,static/img/hotel6.jpg,name694,phone694,642,2,-1
address695,69,0,0,5,551,static/img/hotel0.jpg,name695,phone695,527,1,-1
address695,69,0,0,5,552,static/img/hotel0.jpg,name695,phone695,623,2,-1
address702,70,0,0,2,553,static/img/hotel9.jpg,name702,phone702,212,1,-1
address702,70,0,0,2,554,static/img/hotel9.jpg,name702,phone702,579,2,-1
address703,70,0,0,3,555,static/img/hotel3.jpg,name703,phone703,514,1,-1
address703,70,0,0,3,556,static/img/hotel3.jpg,name703,phone703,619,2,-1
address704,70,0,0,4,557,static/img/hotel7.jpg,name704,phone704,558,1,-1
address704,70,0,0,4,558,static/img/hotel7.jpg,name704,phone704,528,2,-1
address705,70,0,0,5,559,static/img/hotel1.jpg,name705,phone705,533,1,-1
address705,70,0,0,5,560,static/img/hotel1.jpg,name705,phone705,829,2,-1
address712,71,0,0,2,561,static/img/hotel0.jpg,name712,phone712,286,1,-1
address712,71,0,0,2,562,static/img/hotel0.jpg,name712,phone712,520,2,-1
address713,71,0,0,3,563,static/img/hotel4.jpg,name713,phone713,485,1,-1
address713,71,0,0,3,564,static/img/hotel4.jpg,name713,phone713,584,2,-1
address714,71,0,0,4,565,static/img/hotel8.jpg,name714,phone714,478,1,-1
address714,71,0,0,4,566,static/img/hotel8.jpg,name714,phone714,655,2,-1
address715,71,0,0,5,567,static/img/hotel2.jpg,name715,phone715,570,1,-1
address715,71,0,0,5,568,static/img/hotel2.jpg,name715,phone715,624,2,-1
address722,72,0,0,2,569,static/img/hotel1.jpg,name722,phone722,274,1,-1
address722,72,0,0,2,570,static/img/hotel1.jpg,name722,phone722,501,2,-1
address723,72,0,0,3,571,static/img/hotel5.jpg,name723,phone723,271,1,-1
address723,72,0,0,3,572,static/img/hotel5.jpg,name723,phone723,644,2,-1
address724,72,0,0,4,573,static/img/hotel9.jpg,name724,phone724,478,1,-1
address724,72,0,0,4,574,static/img/hotel9.jpg,name724,phone724,720,2,-1
address725,72,0,0,5,575,static/img/hotel3.jpg,name725,phone725,460,1,-1
address725,72,0,0,5,576,static/img/hotel3.jpg,name725,phone725,644,2,-1
address732,73,0,0,2,577,static/img/hotel2.jpg,name732,phone732,386,1,-1
address732,73,0,0,2,578,static/img/hotel2.jpg,name732,phone732,525,2,-1
address733,73,0,0,3,579,static/img/hotel6.jpg,name733,phone733,314,1,-1
address733,73,0,0,3,580,static/img/hotel6.jpg,name733,phone733,583,2,-1
address734,73,0,0,4,581,static/img/hotel0.jpg,name734,phone734,566,1,-1
address734,73,0,0,4,582,static/img/hotel0.jpg,name734,phone734,746,2,-1
address735,73,0,0,5,583,static/img/hotel4.jpg,name735,phone735,416,1,-1
address735,73,0,0,5,584,static/img/hotel4.jpg,name735,phone735,755,2,-1
address742,74,0,0,2,585,static/img/hotel3.jpg,name742,phone742,469,1,-1
address742,74,0,0,2,586,static/img/hotel3.jpg,name742,phone742,507,2,-1
address743,74,0,0,3,587,static/img/hotel7.jpg,name743,phone743,265,1,-1
address743,74,0,0,3,588,static/img/hotel7.jpg,name743,phone743,574,2,-1
address744,74,0,0,4,589,static/img/hotel1.jpg,name744,phone744,588,1,-1
address744,74,0,0,4,590,static/img/hotel1.jpg,name744,phone744,567,2,-1
address745,74,0,0,5,591,static/img/hotel5.jpg,name745,phone745,419,1,-1
address745,74,0,0,5,592,static/img/hotel5.jpg,name745,phone745,827,2,-1
address752,75,0,0,2,593,static/img/hotel4.jpg,name752,phone752,453,1,-1
address752,75,0,0,2,594,static/img/hotel4.jpg,name752,phone752,434,2,-1
address753,75,0,0,3,595,static/img/hotel8.jpg,name753,phone753,288,1,-1
address753,75,0,0,3,596,static/img/hotel8.jpg,name753,phone753,582,2,-1
address754,75,0,0,4,597,static/img/hotel2.jpg,name754,phone754,387,1,-1
address754,75,0,0,4,598,static/img/hotel2.jpg,name754,phone754,614,2,-1
address755,75,0,0,5,599,static/img/hotel6.jpg,name755,phone755,436,1,-1
address755,75,0,0,5,600,static/img/hotel6.jpg,name755,phone755,573,2,-1
address762,76,0,0,2,601,static/img/hotel5.jpg,name762,phone762,465,1,-1
address762,76,0,0,2,602,static/img/hotel5.jpg,name762,phone762,618,2,-1
address763,76,0,0,3,603,static/img/hotel9.jpg,name763,phone763,257,1,-1
address763,76,0,0,3,604,static/img/hotel9.jpg,name763,phone763,602,2,-1
address764,76,0,0,4,605,static/img/hotel3.jpg,name764,phone764,518,1,-1
address764,76,0,0,4,606,static/img/hotel3.jpg,name764,phone764,591,2,-1
address765,76,0,0,5,607,static/img/hotel7.jpg,name765,phone765,546,1,-1
address765,76,0,0,5,608,static/img/hotel7.jpg,name765,phone765,818,2,-1
address772,77,0,0,2,609,static/img/hotel6.jpg,name772,phone772,331,1,-1
address772,77,0,0,2,610,static/img/hotel6.jpg,name772,phone772,450,2,-1
address773,77,0,0,3,611,static/img/hotel0.jpg,name773,phone773,396,1,-1
address773,77,0,0,3,612,static/img/hotel0.jpg,name773,phone773,455,2,-1
address774,77,0,0,4,613,static/img/hotel4.jpg,name774,phone774,564,1,-1
address774,77,0,0,4,614,static/img/hotel4.jpg,name774,phone774,531,2,-1
address775,77,0,0,5,615,static/img/hotel8.jpg,name775,phone775,484,1,-1
address775,77,0,0,5,616,static/img/hotel8.jpg,name775,phone775,630,2,-1
address782,78,0,0,2,617,static/img/hotel7.jpg,name782,phone782,223,1,-1
address782,78,0,0,2,618,static/img/hotel7.jpg,name782,phone782,638,2,-1
address783,78,0,0,3,619,static/img/hotel1.jpg,name783,phone783,295,1,-1
address783,78,0,0,3,620,static/img/hotel1.jpg,name783,phone783,675,2,-1
address784,78,0,0,4,621,static/img/hotel5.jpg,name784,phone784,375,1,-1
address784,78,0,0,4,622,static/img/hotel5.jpg,name784,phone784,559,2,-1
address785,78,0,0,5,623,static/img/hotel9.jpg,name785,phone785,424,1,-1
address785,78,0,0,5,624,static/img/hotel9.jpg,name785,phone785,590,2,-1
address792,79,0,0,2,625,static/img/hotel8.jpg,name792,phone792,233,1,-1
address792,79,0,0,2,626,static/img/hotel8.jpg,name792,phone792,676,2,-1
address793,79,0,0,3,627,static/img/hotel2.jpg,name793,phone793,374,1,-1
address793,79,0,0,3,628,static/img/hotel2.jpg,name793,phone793,608,2,-1
address794,79,0,0,4,629,static/img/hotel6.jpg,name794,phone794,500,1,-1
address794,79,0,0,4,630,static/img/hotel6.jpg,name794,phone794,595,2,-1
address795,79,0,0,5,631,static/img/hotel0.jpg,name795,phone795,474,1,-1
address795,79,0,0,5,632,static/img/hotel0.jpg,name795,phone795,831,2,-1
address802,80,0,0,2,633,static/img/hotel9.jpg,name802,phone802,350,1,-1
address802,80,0,0,2,634,static/img/hotel9.jpg,name802,phone802,625,2,-1
address803,80,0,0,3,635,static/img/hotel3.jpg,name803,phone803,456,1,-1
address803,80,0,0,3,636,static/img/hotel3.jpg,name803,phone803,659,2,-1
address804,80,0,0,4,637,static/img/hotel7.jpg,name804,phone804,304,1,-1
address804,80,0,0,4,638,static/img/hotel7.jpg,name804,phone804,702,2,-1
address805,80,0,0,5,639,static/img/hotel1.jpg,name805,phone805,595,1,-1
address805,80,0,0,5,640,static/img/hotel1.jpg,name805,phone805,702,2,-1
address812,81,0,0,2,641,static/img/hotel0.jpg,name812,phone812,447,1,-1
address812,81,0,0,2,642,static/img/hotel0.jpg,name812,phone812,594,2,-1
address813,81,0,0,3,643,static/img/hotel4.jpg,name813,phone813,292,1,-1
address813,81,0,0,3,644,static/img/hotel4.jpg,name813,phone813,659,2,-1
address814,81,0,0,4,645,static/img/hotel8.jpg,name814,phone814,414,1,-1
address814,81,0,0,4,646,static/img/hotel8.jpg,name814,phone814,545,2,-1
address815,81,0,0,5,647,static/img/hotel2.jpg,name815,phone815,587,1,-1
address815,81,0,0,5,648,static/img/hotel2.jpg,name815,phone815,668,2,-1
address822,82,0,0,2,649,static/img/hotel1.jpg,name822,phone822,460,1,-1
address822,82,0,0,2,650,static/img/hotel1.jpg,name822,phone822,449,2,-1
address823,82,0,0,3,651,static/img/hotel5.jpg,name823,phone823,544,1,-1
address823,82,0,0,3,652,static/img/hotel5.jpg,name823,phone823,561,2,-1
address824,82,0,0,4,653,static/img/hotel9.jpg,name824,phone824,490,1,-1
address824,82,0,0,4,654,static/img/hotel9.jpg,name824,phone824,698,2,-1
address825,82,0,0,5,655,static/img/hotel3.jpg,name825,phone825,565,1,-1
address825,82,0,0,5,656,static/img/hotel3.jpg,name825,phone825,553,2,-1
address832,83,0,0,2,657,static/img/hotel2.jpg,name832,phone832,478,1,-1
address832,83,0,0,2,658,static/img/hotel2.jpg,name832,phone832,651,2,-1
address833,83,0,0,3,659,static/img/hotel6.jpg,name833,phone833,485,1,-1
address833,83,0,0,3,660,static/img/hotel6.jpg,name833,phone833,652,2,-1
address834,83,0,0,4,661,static/img/hotel0.jpg,name834,phone834,487,1,-1
address834,83,0,0,4,662,static/img/hotel0.jpg,name834,phone834,555,2,-1
address835,83,0,0,5,663,static/img/hotel4.jpg,name835,phone835,602,1,-1
address835,83,0,0,5,664,static/img/hotel4.jpg,name835,phone835,722,2,-1
address842,84,0,0,2,665,static/img/hotel3.jpg,name842,phone842,345,1,-1
address842,84,0,0,2,666,static/img/hotel3.jpg,name842,phone842,536,2,-1
address843,84,0,0,3,667,static/img/hotel7.jpg,name843,phone843,432,1,-1
address843,84,0,0,3,668,static/img/hotel7.jpg,name843,phone843,468,2,-1
address844,84,0,0,4,669,static/img/hotel1.jpg,name844,phone844,370,1,-1
address844,84,0,0,4,670,static/img/hotel1.jpg,name844,phone844,721,2,-1
address845,84,0,0,5,671,static/img/hotel5.jpg,name845,phone845,626,1,-1
address845,84,0,0,5,672,static/img/hotel5.jpg,name845,phone845,601,2,-1
address852,85,0,0,2,673,static/img/hotel4.jpg,name852,phone852,274,1,-1
address852,85,0,0,2,674,static/img/hotel4.jpg,name852,phone852,560,2,-1
address853,85,0,0,3,675,static/img/hotel8.jpg,name853,phone853,346,1,-1
address853,85,0,0,3,676,static/img/hotel8.jpg,name853,phone853,456,2,-1
address854,85,0,0,4,677,static/img/hotel2.jpg,name854,phone854,304,1,-1
address854,85,0,0,4,678,static/img/hotel2.jpg,name854,phone854,604,2,-1
address855,85,0,0,5,679,static/img/hotel6.jpg,name855,phone855,564,1,-1
address855,85,0,0,5,680,static/img/hotel6.jpg,name855,phone855,693,2,-1
address862,86,0,0,2,681,static/img/hotel5.jpg,name862,phone862,377,1,-1
address862,86,0,0,2,682,static/img/hotel5.jpg,name862,phone862,671,2,-1
address863,86,0,0,3,683,static/img/hotel9.jpg,name863,phone863,365,1,-1
address863,86,0,0,3,684,static/img/hotel9.jpg,name863,phone863,642,2,-1
address864,86,0,0,4,685,static/img/hotel3.jpg,name864,phone864,334,1,-1
address864,86,0,0,4,686,static/img/hotel3.jpg,name864,phone864,546,2,-1
address865,86,0,0,5,687,static/img/hotel7.jpg,name865,phone865,486,1,-1
address865,86,0,0,5,688,static/img/hotel7.jpg,name865,phone865,628,2,-1
address872,87,0,0,2,689,static/img/hotel6.jpg,name872,phone872,252,1,-1
address872,87,0,0,2,690,static/img/hotel6.jpg,name872,phone872,462,2,-1
address873,87,0,0,3,691,static/img/hotel0.jpg,name873,phone873,304,1,-1
address873,87,0,0,3,692,static/img/hotel0.jpg,name873,phone873,603,2,-1
address874,87,0,0,4,693,static/img/hotel4.jpg,name874,phone874,492,1,-1
address874,87,0,0,4,694,static/img/hotel4.jpg,name874,phone874,625,2,-1
address875,87,0,0,5,695,static/img/hotel8.jpg,name875,phone875,358,1,-1
address875,87,0,0,5,696,static/img/hotel8.jpg,name875,phone875,830,2,-1
address882,88,0,0,2,697,static/img/hotel7.jpg,name882,phone882,410,1,-1
address882,88,0,0,2,698,static/img/hotel7.jpg,name882,phone882,522,2,-1
address883,88,0,0,3,699,static/img/hotel1.jpg,name883,phone883,382,1,-1
address883,88,0,0,3,700,static/img/hotel1.jpg,name883,phone883,525,2,-1
address884,88,0,0,4,701,static/img/hotel5.jpg,name884,phone884,549,1,-1
address884,88,0,0,4,702,static/img/hotel5.jpg,name884,phone884,740,2,-1
address885,88,0,0,5,703,static/img/hotel9.jpg,name885,phone885,622,1,-1
address885,88,0,0,5,704,static/img/hotel9.jpg,name885,phone885,701,2,-1
address892,89,0,0,2,705,static/img/hotel8.jpg,name892,phone892,484,1,-1
address892,89,0,0,2,706,static/img/hotel8.jpg,name892,phone892,581,2,-1
address893,89,0,0,3,707,static/img/hotel2.jpg,name893,phone893,371,1,-1
address893,89,0,0,3,708,static/img/hotel2.jpg,name893,phone893,662,2,-1
address894,89,0,0,4,709,static/img/hotel6.jpg,name894,phone894,357,1,-1
address894,89,0,0,4,710,static/img/hotel6.jpg,name894,phone894,776,2,-1
address895,89,0,0,5,711,static/img/hotel0.jpg,name895,phone895,597,1,-1
address895,89,0,0,5,712,static/img/hotel0.jpg,name895,phone895,657,2,-1
address902,90,0,0,2,713,static/img/hotel9.jpg,name902,phone902,323,1,-1
address902,90,0,0,2,714,static/img/hotel9.jpg,name902,phone902,676,2,-1
address903,90,0,0,3,715,static/img/hotel3.jpg,name903,phone903,337,1,-1
address903,90,0,0,3,716,static/img/hotel3.jpg,name903,phone903,611,2,-1
address904,90,0,0,4,717,static/img/hotel7.jpg,name904,phone904,491,1,-1
address904,90,0,0,4,718,static/img/hotel7.jpg,name904,phone904,728,2,-1
address905,90,0,0,5,719,static/img/hotel1.jpg,name905,phone905,506,1,-1
address905,90,0,0,5,720,static/img/hotel1.jpg,name905,phone905,551,2,-1
address912,91,0,0,2,721,static/img/hotel0.jpg,name912,phone912,343,1,-1
address912,91,0,0,2,722,static/img/hotel0.jpg,name912,phone912,521,2,-1
address913,91,0,0,3,723,static/img/hotel4.jpg,name913,phone913,452,1,-1
address913,91,0,0,3,724,static/img/hotel4.jpg,name913,phone913,624,2,-1
address914,91,0,0,4,725,static/img/hotel8.jpg,name914,phone914,378,1,-1
address914,91,0,0,4,726,static/img/hotel8.jpg,name914,phone914,619,2,-1
address915,91,0,0,5,727,static/img/hotel2.jpg,name915,phone915,632,1,-1
address915,91,0,0,5,728,static/img/hotel2.jpg,name915,phone915,832,2,-1
address922,92,0,0,2,729,static/img/hotel1.jpg,name922,phone922,281,1,-1
address922,92,0,0,2,730,static/img/hotel1.jpg,name922,phone922,400,2,-1
address923,92,0,0,3,731,static/img/hotel5.jpg,name923,phone923,393,1,-1
address923,92,0,0,3,732,static/img/hotel5.jpg,name923,phone923,589,2,-1
address924,92,0,0,4,733,static/img/hotel9.jpg,name924,phone924,507,1,-1
address924,92,0,0,4,734,static/img/hotel9.jpg,name924,phone924,698,2,-1
address925,92,0,0,5,735,static/img/hotel3.jpg,name925,phone925,464,1,-1
address925,92,0,0,5,736,static/img/hotel3.jpg,name925,phone925,652,2,-1
address932,93,0,0,2,737,static/img/hotel2.jpg,name932,phone932,397,1,-1
address932,93,0,0,2,738,static/img/hotel2.jpg,name932,phone932,604,2,-1
address933,93,0,0,3,739,static/img/hotel6.jpg,name933,phone933,322,1,-1
address933,93,0,0,3,740,static/img/hotel6.jpg,name933,phone933,620,2,-1
address934,93,0,0,4,741,static/img/hotel0.jpg,name934,phone934,593,1,-1
address934,93,0,0,4,742,static/img/hotel0.jpg,name934,phone934,697,2,-1
address935,93,0,0,5,743,static/img/hotel4.jpg,name935,phone935,456,1,-1
address935,93,0,0,5,744,static/img/hotel4.jpg,name935,phone935,589,2,-1
address942,94,0,0,2,745,static/img/hotel3.jpg,name942,phone942,472,1,-1
address942,94,0,0,2,746,static/img/hotel3.jpg,name942,phone942,665,2,-1
address943,94,0,0,3,747,static/img/hotel7.jpg,name943,phone943,348,1,-1
address943,94,0,0,3,748,static/img/hotel7.jpg,name943,phone943,671,2,-1
address944,94,0,0,4,749,static/img/hotel1.jpg,name944,phone944,500,1,-1
address944,94,0,0,4,750,static/img/hotel1.jpg,name944,phone944,548,2,-1
address945,94,0,0,5,751,static/img/hotel5.jpg,name945,phone945,515,1,-1
address945,94,0,0,5,752,static/img/hotel5.jpg,name945,phone945,827,2,-1
address952,95,0,0,2,753,static/img/hotel4.jpg,name952,phone952,243,1,-1
address952,95,0,0,2,754,static/img/hotel4.jpg,name952,phone952,421,2,-1
address953,95,0,0,3,755,static/img/hotel8.jpg,name953,phone953,515,1,-1
address953,95,0,0,3,756,static/img/hotel8.jpg,name953,phone953,644,2,-1
address954,95,0,0,4,757,static/img/hotel2.jpg,name954,phone954,542,1,-1
address954,95,0,0,4,758,static/img/hotel2.jpg,name954,phone954,668,2,-1
address955,95,0,0,5,759,static/img/hotel6.jpg,name955,phone955,522,1,-1
address955,95,0,0,5,760,static/img/hotel6.jpg,name955,phone955,778,2,-1
address962,96,0,0,2,761,static/img/hotel5.jpg,name962,phone962,498,1,-1
address962,96,0,0,2,762,static/img/hotel5.jpg,name962,phone962,664,2,-1
address963,96,0,0,3,763,static/img/hotel9.jpg,name963,phone963,250,1,-1
address963,96,0,0,3,764,static/img/hotel9.jpg,name963,phone963,489,2,-1
address964,96,0,0,4,765,static/img/hotel3.jpg,name964,phone964,360,1,-1
address964,96,0,0,4,766,static/img/hotel3.jpg,name964,phone964,597,2,-1
address965,96,0,0,5,767,static/img/hotel7.jpg,name965,phone965,412,1,-1
address965,96,0,0,5,768,static/img/hotel7.jpg,name965,phone965,701,2,-1
address972,97,0,0,2,769,static/img/hotel6.jpg,name972,phone972,305,1,-1
address972,97,0,0,2,770,static/img/hotel6.jpg,name972,phone972,529,2,-1
address973,97,0,0,3,771,static/img/hotel0.jpg,name973,phone973,419,1,-1
address973,97,0,0,3,772,static/img/hotel0.jpg,name973,phone973,679,2,-1
address974,97,0,0,4,773,static/img/hotel4.jpg,name974,phone974,501,1,-1
address974,97,0,0,4,774,static/img/hotel4.jpg,name974,phone974,506,2,-1
address975,97,0,0,5,775,static/img/hotel8.jpg,name975,phone975,382,1,-1
address975,97,0,0,5,776,static/img/hotel8.jpg,name975,phone975,775,2,-1
address982,98,0,0,2,777,static/img/hotel7.jpg,name982,phone982,266,1,-1
address982,98,0,0,2,778,static/img/hotel7.jpg,name982,phone982,633,2,-1
address983,98,0,0,3,779,static/img/hotel1.jpg,name983,phone983,374,1,-1
address983,98,0,0,3,780,static/img/hotel1.jpg,name983,phone983,588,2,-1
address984,98,0,0,4,781,static/img/hotel5.jpg,name984,phone984,569,1,-1
address984,98,0,0,4,782,static/img/hotel5.jpg,name984,phone984,638,2,-1
address985,98,0,0,5,783,static/img/hotel9.jpg,name985,phone985,443,1,-1
address985,98,0,0,5,784,static/img/hotel9.jpg,name985,phone985,778,2,-1
address992,99,0,0,2,785,static/img/hotel8.jpg,name992,phone992,464,1,-1
address992,99,0,0,2,786,static/img/hotel8.jpg,name992,phone992,481,2,-1
address993,99,0,0,3,787,static/img/hotel2.jpg,name993,phone993,263,1,-1
address993,99,0,0,3,788,static/img/hotel2.jpg,name993,phone993,551,2,-1
address994,99,0,0,4,789,static/img/hotel6.jpg,name994,phone994,579,1,-1
address994,99,0,0,4,790,static/img/hotel6.jpg,name994,phone994,607,2,-1
address995,99,0,0,5,791,static/img/hotel0.jpg,name995,phone995,556,1,-1
address995,99,0,0,5,792,static/img/hotel0.jpg,name995,phone995,770,2,-1
address1002,100,0,0,2,793,static/img/hotel9.jpg,name1002,phone1002,217,1,-1
address1002,100,0,0,2,794,static/img/hotel9.jpg,name1002,phone1002,605,2,-1
address1003,100,0,0,3,795,static/img/hotel3.jpg,name1003,phone1003,399,1,-1
address1003,100,0,0,3,796,static/img/hotel3.jpg,name1003,phone1003,564,2,-1
address1004,100,0,0,4,797,static/img/hotel7.jpg,name1004,phone1004,587,1,-1
address1004,100,0,0,4,798,static/img/hotel7.jpg,name1004,phone1004,651,2,-1
address1005,100,0,0,5,799,static/img/hotel1.jpg,name1005,phone1005,641,1,-1
address1005,100,0,0,5,800,static/img/hotel1.jpg,name1005,phone1005,768,2,-1
address1012,101,0,0,2,801,static/img/hotel0.jpg,name1012,phone1012,276,1,-1
address1012,101,0,0,2,802,static/img/hotel0.jpg,name1012,phone1012,553,2,-1
address1013,101,0,0,3,803,static/img/hotel4.jpg,name1013,phone1013,391,1,-1
address1013,101,0,0,3,804,static/img/hotel4.jpg,name1013,phone1013,735,2,-1
address1014,101,0,0,4,805,static/img/hotel8.jpg,name1014,phone1014,305,1,-1
address1014,101,0,0,4,806,static/img/hotel8.jpg,name1014,phone1014,677,2,-1
address1015,101,0,0,5,807,static/img/hotel2.jpg,name1015,phone1015,502,1,-1
address1015,101,0,0,5,808,static/img/hotel2.jpg,name1015,phone1015,757,2,-1
address1022,102,0,0,2,809,static/img/hotel1.jpg,name1022,phone1022,343,1,-1
address1022,102,0,0,2,810,static/img/hotel1.jpg,name1022,phone1022,480,2,-1
address1023,102,0,0,3,811,static/img/hotel5.jpg,name1023,phone1023,380,1,-1
address1023,102,0,0,3,812,static/img/hotel5.jpg,name1023,phone1023,495,2,-1
address1024,102,0,0,4,813,static/img/hotel9.jpg,name1024,phone1024,451,1,-1
address1024,102,0,0,4,814,static/img/hotel9.jpg,name1024,phone1024,638,2,-1
address1025,102,0,0,5,815,static/img/hotel3.jpg,name1025,phone1025,375,1,-1
address1025,102,0,0,5,816,static/img/hotel3.jpg,name1025,phone1025,626,2,-1
address1032,103,0,0,2,817,static/img/hotel2.jpg,name1032,phone1032,486,1,-1
address1032,103,0,0,2,818,static/img/hotel2.jpg,name1032,phone1032,669,2,-1
address1033,103,0,0,3,819,static/img/hotel6.jpg,name1033,phone1033,515,1,-1
address1033,103,0,0,3,820,static/img/hotel6.jpg,name1033,phone1033,516,2,-1
address1034,103,0,0,4,821,static/img/hotel0.jpg,name1034,phone1034,474,1,-1
address1034,103,0,0,4,822,static/img/hotel0.jpg,name1034,phone1034,746,2,-1
address1035,103,0,0,5,823,static/img/hotel4.jpg,name1035,phone1035,396,1,-1
address1035,103,0,0,5,824,static/img/hotel4.jpg,name1035,phone1035,755,2,-1
address1042,104,0,0,2,825,static/img/hotel3.jpg,name1042,phone1042,462,1,-1
address1042,104,0,0,2,826,static/img/hotel3.jpg,name1042,phone1042,524,2,-1
address1043,104,0,0,3,827,static/img/hotel7.jpg,name1043,phone1043,286,1,-1
address1043,104,0,0,3,828,static/img/hotel7.jpg,name1043,phone1043,715,2,-1
address1044,104,0,0,4,829,static/img/hotel1.jpg,name1044,phone1044,585,1,-1
address1044,104,0,0,4,830,static/img/hotel1.jpg,name1044,phone1044,645,2,-1
address1045,104,0,0,5,831,static/img/hotel5.jpg,name1045,phone1045,589,1,-1
address1045,104,0,0,5,832,static/img/hotel5.jpg,name1045,phone1045,614,2,-1
address1052,105,0,0,2,833,static/img/hotel4.jpg,name1052,phone1052,219,1,-1
address1052,105,0,0,2,834,static/img/hotel4.jpg,name1052,phone1052,439,2,-1
address1053,105,0,0,3,835,static/img/hotel8.jpg,name1053,phone1053,497,1,-1
address1053,105,0,0,3,836,static/img/hotel8.jpg,name1053,phone1053,523,2,-1
address1054,105,0,0,4,837,static/img/hotel2.jpg,name1054,phone1054,580,1,-1
address1054,105,0,0,4,838,static/img/hotel2.jpg,name1054,phone1054,684,2,-1
address1055,105,0,0,5,839,static/img/hotel6.jpg,name1055,phone1055,614,1,-1
address1055,105,0,0,5,840,static/img/hotel6.jpg,name1055,phone1055,770,2,-1
address1062,106,0,0,2,841,static/img/hotel5.jpg,name1062,phone1062,377,1,-1
address1062,106,0,0,2,842,static/img/hotel5.jpg,name1062,phone1062,523,2,-1
address1063,106,0,0,3,843,static/img/hotel9.jpg,name1063,phone1063,465,1,-1
address1063,106,0,0,3,844,static/img/hotel9.jpg,name1063,phone1063,588,2,-1
address1064,106,0,0,4,845,static/img/hotel3.jpg,name1064,phone1064,574,1,-1
address1064,106,0,0,4,846,static/img/hotel3.jpg,name1064,phone1064,520,2,-1
address1065,106,0,0,5,847,static/img/hotel7.jpg,name1065,phone1065,411,1,-1
address1065,106,0,0,5,848,static/img/hotel7.jpg,name1065,phone1065,802,2,-1
address1072,107,0,0,2,849,static/img/hotel6.jpg,name1072,phone1072,202,1,-1
address1072,107,0,0,2,850,static/img/hotel6.jpg,name1072,phone1072,698,2,-1
address1073,107,0,0,3,851,static/img/hotel0.jpg,name1073,phone1073,336,1,-1
address1073,107,0,0,3,852,static/img/hotel0.jpg,name1073,phone1073,644,2,-1
address1074,107,0,0,4,853,static/img/hotel4.jpg,name1074,phone1074,530,1,-1
address1074,107,0,0,4,854,static/img/hotel4.jpg,name1074,phone1074,671,2,-1
address1075,107,0,0,5,855,static/img/hotel8.jpg,name1075,phone1075,528,1,-1
address1075,107,0,0,5,856,static/img/hotel8.jpg,name1075,phone1075,789,2,-1
address1082,108,0,0,2,857,static/img/hotel7.jpg,name1082,phone1082,313,1,-1
address1082,108,0,0,2,858,static/img/hotel7.jpg,name1082,phone1082,520,2,-1
address1083,108,0,0,3,859,static/img/hotel1.jpg,name1083,phone1083,426,1,-1
address1083,108,0,0,3,860,static/img/hotel1.jpg,name1083,phone1083,614,2,-1
address1084,108,0,0,4,861,static/img/hotel5.jpg,name1084,phone1084,418,1,-1
address1084,108,0,0,4,862,static/img/hotel5.jpg,name1084,phone1084,676,2,-1
address1085,108,0,0,5,863,static/img/hotel9.jpg,name1085,phone1085,414,1,-1
address1085,108,0,0,5,864,static/img/hotel9.jpg,name1085,phone1085,713,2,-1
address1092,109,0,0,2,865,static/img/hotel8.jpg,name1092,phone1092,272,1,-1
address1092,109,0,0,2,866,static/img/hotel8.jpg,name1092,phone1092,676,2,-1
address1093,109,0,0,3,867,static/img/hotel2.jpg,name1093,phone1093,321,1,-1
address1093,109,0,0,3,868,static/img/hotel2.jpg,name1093,phone1093,740,2,-1
address1094,109,0,0,4,869,static/img/hotel6.jpg,name1094,phone1094,318,1,-1
address1094,109,0,0,4,870,static/img/hotel6.jpg,name1094,phone1094,653,2,-1
address1095,109,0,0,5,871,static/img/hotel0.jpg,name1095,phone1095,368,1,-1
address1095,109,0,0,5,872,static/img/hotel0.jpg,name1095,phone1095,550,2,-1
address1102,110,0,0,2,873,static/img/hotel9.jpg,name1102,phone1102,222,1,-1
address1102,110,0,0,2,874,static/img/hotel9.jpg,name1102,phone1102,578,2,-1
address1103,110,0,0,3,875,static/img/hotel3.jpg,name1103,phone1103,446,1,-1
address1103,110,0,0,3,876,static/img/hotel3.jpg,name1103,phone1103,666,2,-1
address1104,110,0,0,4,877,static/img/hotel7.jpg,name1104,phone1104,469,1,-1
address1104,110,0,0,4,878,static/img/hotel7.jpg,name1104,phone1104,676,2,-1
address1105,110,0,0,5,879,static/img/hotel1.jpg,name1105,phone1105,542,1,-1
address1105,110,0,0,5,880,static/img/hotel1.jpg,name1105,phone1105,582,2,-1
address1112,111,0,0,2,881,static/img/hotel0.jpg,name1112,phone1112,358,1,-1
address1112,111,0,0,2,882,static/img/hotel0.jpg,name1112,phone1112,635,2,-1
address1113,111,0,0,3,883,static/img/hotel4.jpg,name1113,phone1113,329,1,-1
address1113,111,0,0,3,884,static/img/hotel4.jpg,name1113,phone1113,695,2,-1
address1114,111,0,0,4,885,static/img/hotel8.jpg,name1114,phone1114,444,1,-1
address1114,111,0,0,4,886,static/img/hotel8.jpg,name1114,phone1114,799,2,-1
address1115,111,0,0,5,887,static/img/hotel2.jpg,name1115,phone1115,513,1,-1
address1115,111,0,0,5,888,static/img/hotel2.jpg,name1115,phone1115,616,2,-1
address1122,112,0,0,2,889,static/img/hotel1.jpg,name1122,phone1122,346,1,-1
address1122,112,0,0,2,890,static/img/hotel1.jpg,name1122,phone1122,522,2,-1
address1123,112,0,0,3,891,static/img/hotel5.jpg,name1123,phone1123,336,1,-1
address1123,112,0,0,3,892,static/img/hotel5.jpg,name1123,phone1123,725,2,-1
address1124,112,0,0,4,893,static/img/hotel9.jpg,name1124,phone1124,348,1,-1
address1124,112,0,0,4,894,static/img/hotel9.jpg,name1124,phone1124,698,2,-1
address1125,112,0,0,5,895,static/img/hotel3.jpg,name1125,phone1125,469,1,-1
address1125,112,0,0,5,896,static/img/hotel3.jpg,name1125,phone1125,579,2,-1
address1132,113,0,0,2,897,static/img/hotel2.jpg,name1132,phone1132,268,1,-1
address1132,113,0,0,2,898,static/img/hotel2.jpg,name1132,phone1132,523,2,-1
address1133,113,0,0,3,899,static/img/hotel6.jpg,name1133,phone1133,307,1,-1
address1133,113,0,0,3,900,static/img/hotel6.jpg,name1133,phone1133,717,2,-1
address1134,113,0,0,4,901,static/img/hotel0.jpg,name1134,phone1134,488,1,-1
address1134,113,0,0,4,902,static/img/hotel0.jpg,name1134,phone1134,670,2,-1
address1135,113,0,0,5,903,static/img/hotel4.jpg,name1135,phone1135,617,1,-1
address1135,113,0,0,5,904,static/img/hotel4.jpg,name1135,phone1135,773,2,-1
address1142,114,0,0,2,905,static/img/hotel3.jpg,name1142,phone1142,296,1,-1
address1142,114,0,0,2,906,static/img/hotel3.jpg,name1142,phone1142,411,2,-1
address1143,114,0,0,3,907,static/img/hotel7.jpg,name1143,phone1143,401,1,-1
address1143,114,0,0,3,908,static/img/hotel7.jpg,name1143,phone1143,614,2,-1
address1144,114,0,0,4,909,static/img/hotel1.jpg,name1144,phone1144,565,1,-1
address1144,114,0,0,4,910,static/img/hotel1.jpg,name1144,phone1144,601,2,-1
address1145,114,0,0,5,911,static/img/hotel5.jpg,name1145,phone1145,533,1,-1
address1145,114,0,0,5,912,static/img/hotel5.jpg,name1145,phone1145,738,2,-1
address1152,115,0,0,2,913,static/img/hotel4.jpg,name1152,phone1152,235,1,-1
address1152,115,0,0,2,914,static/img/hotel4.jpg,name1152,phone1152,645,2,-1
address1153,115,0,0,3,915,static/img/hotel8.jpg,name1153,phone1153,270,1,-1
address1153,115,0,0,3,916,static/img/hotel8.jpg,name1153,phone1153,528,2,-1
address1154,115,0,0,4,917,static/img/hotel2.jpg,name1154,phone1154,500,1,-1
address1154,115,0,0,4,918,static/img/hotel2.jpg,name1154,phone1154,711,2,-1
address1155,115,0,0,5,919,static/img/hotel6.jpg,name1155,phone1155,475,1,-1
address1155,115,0,0,5,920,static/img/hotel6.jpg,name1155,phone1155,649,2,-1
address1162,116,0,0,2,921,static/img/hotel5.jpg,name1162,phone1162,445,1,-1
address1162,116,0,0,2,922,static/img/hotel5.jpg,name1162,phone1162,617,2,-1
address1163,116,0,0,3,923,static/img/hotel9.jpg,name1163,phone1163,283,1,-1
address1163,116,0,0,3,924,static/img/hotel9.jpg,name1163,phone1163,655,2,-1
address1164,116,0,0,4,925,static/img/hotel3.jpg,name1164,phone1164,430,1,-1
address1164,116,0,0,4,926,static/img/hotel3.jpg,name1164,phone1164,608,2,-1
address1165,116,0,0,5,927,static/img/hotel7.jpg,name1165,phone1165,501,1,-1
address1165,116,0,0,5,928,static/img/hotel7.jpg,name1165,phone1165,554,2,-1
address1172,117,0,0,2,929,static/img/hotel6.jpg,name1172,phone1172,367,1,-1
address1172,117,0,0,2,930,static/img/hotel6.jpg,name1172,phone1172,632,2,-1
address1173,117,0,0,3,931,static/img/hotel0.jpg,name1173,phone1173,464,1,-1
address1173,117,0,0,3,932,static/img/hotel0.jpg,name1173,phone1173,659,2,-1
address1174,117,0,0,4,933,static/img/hotel4.jpg,name1174,phone1174,354,1,-1
address1174,117,0,0,4,934,static/img/hotel4.jpg,name1174,phone1174,780,2,-1
address1175,117,0,0,5,935,static/img/hotel8.jpg,name1175,phone1175,509,1,-1
address1175,117,0,0,5,936,static/img/hotel8.jpg,name1175,phone1175,720,2,-1
address1182,118,0,0,2,937,static/img/hotel7.jpg,name1182,phone1182,234,1,-1
address1182,118,0,0,2,938,static/img/hotel7.jpg,name1182,phone1182,464,2,-1
address1183,118,0,0,3,939,static/img/hotel1.jpg,name1183,phone1183,536,1,-1
address1183,118,0,0,3,940,static/img/hotel1.jpg,name1183,phone1183,627,2,-1
address1184,118,0,0,4,941,static/img/hotel5.jpg,name1184,phone1184,529,1,-1
address1184,118,0,0,4,942,static/img/hotel5.jpg,name1184,phone1184,661,2,-1
address1185,118,0,0,5,943,static/img/hotel9.jpg,name1185,phone1185,593,1,-1
address1185,118,0,0,5,944,static/img/hotel9.jpg,name1185,phone1185,826,2,-1
address1192,119,0,0,2,945,static/img/hotel8.jpg,name1192,phone1192,245,1,-1
address1192,119,0,0,2,946,static/img/hotel8.jpg,name1192,phone1192,603,2,-1
address1193,119,0,0,3,947,static/img/hotel2.jpg,name1193,phone1193,483,1,-1
address1193,119,0,0,3,948,static/img/hotel2.jpg,name1193,phone1193,624,2,-1
address1194,119,0,0,4,949,static/img/hotel6.jpg,name1194,phone1194,313,1,-1
address1194,119,0,0,4,950,static/img/hotel6.jpg,name1194,phone1194,721,2,-1
address1195,119,0,0,5,951,static/img/hotel0.jpg,name1195,phone1195,526,1,-1
address1195,119,0,0,5,952,static/img/hotel0.jpg,name1195,phone1195,646,2,-1
address1202,120,0,0,2,953,static/img/hotel9.jpg,name1202,phone1202,366,1,-1
address1202,120,0,0,2,954,static/img/hotel9.jpg,name1202,phone1202,597,2,-1
address1203,120,0,0,3,955,static/img/hotel3.jpg,name1203,phone1203,375,1,-1
address1203,120,0,0,3,956,static/img/hotel3.jpg,name1203,phone1203,701,2,-1
address1204,120,0,0,4,957,static/img/hotel7.jpg,name1204,phone1204,570,1,-1
address1204,120,0,0,4,958,static/img/hotel7.jpg,name1204,phone1204,678,2,-1
address1205,120,0,0,5,959,static/img/hotel1.jpg,name1205,phone1205,516,1,-1
address1205,120,0,0,5,960,static/img/hotel1.jpg,name1205,phone1205,688,2,-1
address1212,121,0,0,2,961,static/img/hotel0.jpg,name1212,phone1212,294,1,-1
address1212,121,0,0,2,962,static/img/hotel0.jpg,name1212,phone1212,472,2,-1
address1213,121,0,0,3,963,static/img/hotel4.jpg,name1213,phone1213,403,1,-1
address1213,121,0,0,3,964,static/img/hotel4.jpg,name1213,phone1213,590,2,-1
address1214,121,0,0,4,965,static/img/hotel8.jpg,name1214,phone1214,375,1,-1
address1214,121,0,0,4,966,static/img/hotel8.jpg,name1214,phone1214,615,2,-1
address1215,121,0,0,5,967,static/img/hotel2.jpg,name1215,phone1215,643,1,-1
address1215,121,0,0,5,968,static/img/hotel2.jpg,name1215,phone1215,713,2,-1
address1222,122,0,0,2,969,static/img/hotel1.jpg,name1222,phone1222,467,1,-1
address1222,122,0,0,2,970,static/img/hotel1.jpg,name1222,phone1222,417,2,-1
address1223,122,0,0,3,971,static/img/hotel5.jpg,name1223,phone1223,454,1,-1
address1223,122,0,0,3,972,static/img/hotel5.jpg,name1223,phone1223,582,2,-1
address1224,122,0,0,4,973,static/img/hotel9.jpg,name1224,phone1224,365,1,-1
address1224,122,0,0,4,974,static/img/hotel9.jpg,name1224,phone1224,622,2,-1
address1225,122,0,0,5,975,static/img/hotel3.jpg,name1225,phone1225,563,1,-1
address1225,122,0,0,5,976,static/img/hotel3.jpg,name1225,phone1225,755,2,-1
address1232,123,0,0,2,977,static/img/hotel2.jpg,name1232,phone1232,237,1,-1
address1232,123,0,0,2,978,static/img/hotel2.jpg,name1232,phone1232,682,2,-1
address1233,123,0,0,3,979,static/img/hotel6.jpg,name1233,phone1233,409,1,-1
address1233,123,0,0,3,980,static/img/hotel6.jpg,name1233,phone1233,491,2,-1
address1234,123,0,0,4,981,static/img/hotel0.jpg,name1234,phone1234,455,1,-1
address1234,123,0,0,4,982,static/img/hotel0.jpg,name1234,phone1234,594,2,-1
address1235,123,0,0,5,983,static/img/hotel4.jpg,name1235,phone1235,593,1,-1
address1235,123,0,0,5,984,static/img/hotel4.jpg,name1235,phone1235,661,2,-1
address1242,124,0,0,2,985,static/img/hotel3.jpg,name1242,phone1242,281,1,-1
address1242,124,0,0,2,986,static/img/hotel3.jpg,name1242,phone1242,407,2,-1
address1243,124,0,0,3,987,static/img/hotel7.jpg,name1243,phone1243,304,1,-1
address1243,124,0,0,3,988,static/img/hotel7.jpg,name1243,phone1243,566,2,-1
address1244,124,0,0,4,989,static/img/hotel1.jpg,name1244,phone1244,304,1,-1
address1244,124,0,0,4,990,static/img/hotel1.jpg,name1244,phone1244,776,2,-1
address1245,124,0,0,5,991,static/img/hotel5.jpg,name1245,phone1245,596,1,-1
address1245,124,0,0,5,992,static/img/hotel5.jpg,name1245,phone1245,836,2,-1
address1252,125,0,0,2,993,static/img/hotel4.jpg,name1252,phone1252,279,1,-1
address1252,125,0,0,2,994,static/img/hotel4.jpg,name1252,phone1252,622,2,-1
address1253,125,0,0,3,995,static/img/hotel8.jpg,name1253,phone1253,540,1,-1
address1253,125,0,0,3,996,static/img/hotel8.jpg,name1253,phone1253,470,2,-1
address1254,125,0,0,4,997,static/img/hotel2.jpg,name1254,phone1254,476,1,-1
address1254,125,0,0,4,998,static/img/hotel2.jpg,name1254,phone1254,683,2,-1
address1255,125,0,0,5,999,static/img/hotel6.jpg,name1255,phone1255,597,1,-1
address1255,125,0,0,5,1000,static/img/hotel6.jpg,name1255,phone1255,642,2,-1
address1262,126,0,0,2,1001,static/img/hotel5.jpg,name1262,phone1262,389,1,-1
address1262,126,0,0,2,1002,static/img/hotel5.jpg,name1262,phone1262,409,2,-1
address1263,126,0,0,3,1003,static/img/hotel9.jpg,name1263,phone1263,320,1,-1
address1263,126,0,0,3,1004,static/img/hotel9.jpg,name1263,phone1263,743,2,-1
address1264,126,0,0,4,1005,static/img/hotel3.jpg,name1264,phone1264,371,1,-1
address1264,126,0,0,4,1006,static/img/hotel3.jpg,name1264,phone1264,541,2,-1
address1265,126,0,0,5,1007,static/img/hotel7.jpg,name1265,phone1265,522,1,-1
address1265,126,0,0,5,1008,static/img/hotel7.jpg,name1265,phone1265,600,2,-1
address1272,127,0,0,2,1009,static/img/hotel6.jpg,name1272,phone1272,245,1,-1
address1272,127,0,0,2,1010,static/img/hotel6.jpg,name1272,phone1272,401,2,-1
address1273,127,0,0,3,1011,static/img/hotel0.jpg,name1273,phone1273,498,1,-1
address1273,127,0,0,3,1012,static/img/hotel0.jpg,name1273,phone1273,516,2,-1
address1274,127,0,0,4,1013,static/img/hotel4.jpg,name1274,phone1274,363,1,-1
address1274,127,0,0,4,1014,static/img/hotel4.jpg,name1274,phone1274,590,2,-1
address1275,127,0,0,5,1015,static/img/hotel8.jpg,name1275,phone1275,593,1,-1
address1275,127,0,0,5,1016,static/img/hotel8.jpg,name1275,phone1275,748,2,-1
address1282,128,0,0,2,1017,static/img/hotel7.jpg,name1282,phone1282,226,1,-1
address1282,128,0,0,2,1018,static/img/hotel7.jpg,name1282,phone1282,430,2,-1
address1283,128,0,0,3,1019,static/img/hotel1.jpg,name1283,phone1283,522,1,-1
address1283,128,0,0,3,1020,static/img/hotel1.jpg,name1283,phone1283,455,2,-1
address1284,128,0,0,4,1021,static/img/hotel5.jpg,name1284,phone1284,353,1,-1
address1284,128,0,0,4,1022,static/img/hotel5.jpg,name1284,phone1284,593,2,-1
address1285,128,0,0,5,1023,static/img/hotel9.jpg,name1285,phone1285,602,1,-1
address1285,128,0,0,5,1024,static/img/hotel9.jpg,name1285,phone1285,703,2,-1
address1292,129,0,0,2,1025,static/img/hotel8.jpg,name1292,phone1292,387,1,-1
address1292,129,0,0,2,1026,static/img/hotel8.jpg,name1292,phone1292,451,2,-1
address1293,129,0,0,3,1027,static/img/hotel2.jpg,name1293,phone1293,404,1,-1
address1293,129,0,0,3,1028,static/img/hotel2.jpg,name1293,phone1293,454,2,-1
address1294,129,0,0,4,1029,static/img/hotel6.jpg,name1294,phone1294,392,1,-1
address1294,129,0,0,4,1030,static/img/hotel6.jpg,name1294,phone1294,792,2,-1
address1295,129,0,0,5,1031,static/img/hotel0.jpg,name1295,phone1295,421,1,-1
address1295,129,0,0,5,1032,static/img/hotel0.jpg,name1295,phone1295,566,2,-1
address1302,130,0,0,2,1033,static/img/hotel9.jpg,name1302,phone1302,487,1,-1
address1302,130,0,0,2,1034,static/img/hotel9.jpg,name1302,phone1302,592,2,-1
address1303,130,0,0,3,1035,static/img/hotel3.jpg,name1303,phone1303,412,1,-1
address1303,130,0,0,3,1036,static/img/hotel3.jpg,name1303,phone1303,721,2,-1
address1304,130,0,0,4,1037,static/img/hotel7.jpg,name1304,phone1304,488,1,-1
address1304,130,0,0,4,1038,static/img/hotel7.jpg,name1304,phone1304,715,2,-1
address1305,130,0,0,5,1039,static/img/hotel1.jpg,name1305,phone1305,452,1,-1
address1305,130,0,0,5,1040,static/img/hotel1.jpg,name1305,phone1305,580,2,-1
address1312,131,0,0,2,1041,static/img/hotel0.jpg,name1312,phone1312,222,1,-1
address1312,131,0,0,2,1042,static/img/hotel0.jpg,name1312,phone1312,564,2,-1
address1313,131,0,0,3,1043,static/img/hotel4.jpg,name1313,phone1313,273,1,-1
address1313,131,0,0,3,1044,static/img/hotel4.jpg,name1313,phone1313,676,2,-1
address1314,131,0,0,4,1045,static/img/hotel8.jpg,name1314,phone1314,440,1,-1
address1314,131,0,0,4,1046,static/img/hotel8.jpg,name1314,phone1314,513,2,-1
address1315,131,0,0,5,1047,static/img/hotel2.jpg,name1315,phone1315,538,1,-1
address1315,131,0,0,5,1048,static/img/hotel2.jpg,name1315,phone1315,649,2,-1
address1322,132,0,0,2,1049,static/img/hotel1.jpg,name1322,phone1322,366,1,-1
address1322,132,0,0,2,1050,static/img/hotel1.jpg,name1322,phone1322,607,2,-1
address1323,132,0,0,3,1051,static/img/hotel5.jpg,name1323,phone1323,538,1,-1
address1323,132,0,0,3,1052,static/img/hotel5.jpg,name1323,phone1323,460,2,-1
address1324,132,0,0,4,1053,static/img/hotel9.jpg,name1324,phone1324,373,1,-1
address1324,132,0,0,4,1054,static/img/hotel9.jpg,name1324,phone1324,551,2,-1
address1325,132,0,0,5,1055,static/img/hotel3.jpg,name1325,phone1325,394,1,-1
address1325,132,0,0,5,1056,static/img/hotel3.jpg,name1325,phone1325,599,2,-1
address1332,133,0,0,2,1057,static/img/hotel2.jpg,name1332,phone1332,387,1,-1
address1332,133,0,0,2,1058,static/img/hotel2.jpg,name1332,phone1332,450,2,-1
address1333,133,0,0,3,1059,static/img/hotel6.jpg,name1333,phone1333,346,1,-1
address1333,133,0,0,3,1060,static/img/hotel6.jpg,name1333,phone1333,455,2,-1
address1334,133,0,0,4,1061,static/img/hotel0.jpg,name1334,phone1334,592,1,-1
address1334,133,0,0,4,1062,static/img/hotel0.jpg,name1334,phone1334,650,2,-1
address1335,133,0,0,5,1063,static/img/hotel4.jpg,name1335,phone1335,384,1,-1
address1335,133,0,0,5,1064,static/img/hotel4.jpg,name1335,phone1335,773,2,-1
address1342,134,0,0,2,1065,static/img/hotel3.jpg,name1342,phone1342,248,1,-1
address1342,134,0,0,2,1066,static/img/hotel3.jpg,name1342,phone1342,467,2,-1
address1343,134,0,0,3,1067,static/img/hotel7.jpg,name1343,phone1343,509,1,-1
address1343,134,0,0,3,1068,static/img/hotel7.jpg,name1343,phone1343,625,2,-1
address1344,134,0,0,4,1069,static/img/hotel1.jpg,name1344,phone1344,523,1,-1
address1344,134,0,0,4,1070,static/img/hotel1.jpg,name1344,phone1344,678,2,-1
address1345,134,0,0,5,1071,static/img/hotel5.jpg,name1345,phone1345,415,1,-1
address1345,134,0,0,5,1072,static/img/hotel5.jpg,name1345,phone1345,745,2,-1
address1352,135,0,0,2,1073,static/img/hotel4.jpg,name1352,phone1352,257,1,-1
address1352,135,0,0,2,1074,static/img/hotel4.jpg,name1352,phone1352,560,2,-1
address1353,135,0,0,3,1075,static/img/hotel8.jpg,name1353,phone1353,251,1,-1
address1353,135,0,0,3,1076,static/img/hotel8.jpg,name1353,phone1353,703,2,-1
address1354,135,0,0,4,1077,static/img/hotel2.jpg,name1354,phone1354,592,1,-1
address1354,135,0,0,4,1078,static/img/hotel2.jpg,name1354,phone1354,626,2,-1
address1355,135,0,0,5,1079,static/img/hotel6.jpg,name1355,phone1355,440,1,-1
address1355,135,0,0,5,1080,static/img/hotel6.jpg,name1355,phone1355,624,2,-1
address1362,136,0,0,2,1081,static/img/hotel5.jpg,name1362,phone1362,367,1,-1
address1362,136,0,0,2,1082,static/img/hotel5.jpg,name1362,phone1362,629,2,-1
address1363,136,0,0,3,1083,static/img/hotel9.jpg,name1363,phone1363,327,1,-1
address1363,136,0,0,3,1084,static/img/hotel9.jpg,name1363,phone1363,612,2,-1
address1364,136,0,0,4,1085,static/img/hotel3.jpg,name1364,phone1364,499,1,-1
address1364,136,0,0,4,1086,static/img/hotel3.jpg,name1364,phone1364,617,2,-1
address1365,136,0,0,5,1087,static/img/hotel7.jpg,name1365,phone1365,383,1,-1
address1365,136,0,0,5,1088,static/img/hotel7.jpg,name1365,phone1365,578,2,-1
address1372,137,0,0,2,1089,static/img/hotel6.jpg,name1372,phone1372,477,1,-1
address1372,137,0,0,2,1090,static/img/hotel6.jpg,name1372,phone1372,476,2,-1
address1373,137,0,0,3,1091,static/img/hotel0.jpg,name1373,phone1373,390,1,-1
address1373,137,0,0,3,1092,static/img/hotel0.jpg,name1373,phone1373,604,2,-1
address1374,137,0,0,4,1093,static/img/hotel4.jpg,name1374,phone1374,463,1,-1
address1374,137,0,0,4,1094,static/img/hotel4.jpg,name1374,phone1374,640,2,-1
address1375,137,0,0,5,1095,static/img/hotel8.jpg,name1375,phone1375,445,1,-1
address1375,137,0,0,5,1096,static/img/hotel8.jpg,name1375,phone1375,647,2,-1
address1382,138,0,0,2,1097,static/img/hotel7.jpg,name1382,phone1382,218,1,-1
address1382,138,0,0,2,1098,static/img/hotel7.jpg,name1382,phone1382,433,2,-1
address1383,138,0,0,3,1099,static/img/hotel1.jpg,name1383,phone1383,304,1,-1
address1383,138,0,0,3,1100,static/img/hotel1.jpg,name1383,phone1383,747,2,-1
address1384,138,0,0,4,1101,static/img/hotel5.jpg,name1384,phone1384,558,1,-1
address1384,138,0,0,4,1102,static/img/hotel5.jpg,name1384,phone1384,615,2,-1
address1385,138,0,0,5,1103,static/img/hotel9.jpg,name1385,phone1385,641,1,-1
address1385,138,0,0,5,1104,static/img/hotel9.jpg,name1385,phone1385,722,2,-1
address1392,139,0,0,2,1105,static/img/hotel8.jpg,name1392,phone1392,356,1,-1
address1392,139,0,0,2,1106,static/img/hotel8.jpg,name1392,phone1392,592,2,-1
address1393,139,0,0,3,1107,static/img/hotel2.jpg,name1393,phone1393,438,1,-1
address1393,139,0,0,3,1108,static/img/hotel2.jpg,name1393,phone1393,620,2,-1
address1394,139,0,0,4,1109,static/img/hotel6.jpg,name1394,phone1394,432,1,-1
address1394,139,0,0,4,1110,static/img/hotel6.jpg,name1394,phone1394,531,2,-1
address1395,139,0,0,5,1111,static/img/hotel0.jpg,name1395,phone1395,423,1,-1
address1395,139,0,0,5,1112,static/img/hotel0.jpg,name1395,phone1395,767,2,-1
address1402,140,0,0,2,1113,static/img/hotel9.jpg,name1402,phone1402,402,1,-1
address1402,140,0,0,2,1114,static/img/hotel9.jpg,name1402,phone1402,556,2,-1
address1403,140,0,0,3,1115,static/img/hotel3.jpg,name1403,phone1403,534,1,-1
address1403,140,0,0,3,1116,static/img/hotel3.jpg,name1403,phone1403,680,2,-1
address1404,140,0,0,4,1117,static/img/hotel7.jpg,name1404,phone1404,379,1,-1
address1404,140,0,0,4,1118,static/img/hotel7.jpg,name1404,phone1404,558,2,-1
address1405,140,0,0,5,1119,static/img/hotel1.jpg,name1405,phone1405,359,1,-1
address1405,140,0,0,5,1120,static/img/hotel1.jpg,name1405,phone1405,830,2,-1
address1412,141,0,0,2,1121,static/img/hotel0.jpg,name1412,phone1412,402,1,-1
address1412,141,0,0,2,1122,static/img/hotel0.jpg,name1412,phone1412,404,2,-1
address1413,141,0,0,3,1123,static/img/hotel4.jpg,name1413,phone1413,408,1,-1
address1413,141,0,0,3,1124,static/img/hotel4.jpg,name1413,phone1413,546,2,-1
address1414,141,0,0,4,1125,static/img/hotel8.jpg,name1414,phone1414,334,1,-1
address1414,141,0,0,4,1126,static/img/hotel8.jpg,name1414,phone1414,772,2,-1
address1415,141,0,0,5,1127,static/img/hotel2.jpg,name1415,phone1415,546,1,-1
address1415,141,0,0,5,1128,static/img/hotel2.jpg,name1415,phone1415,845,2,-1
address1422,142,0,0,2,1129,static/img/hotel1.jpg,name1422,phone1422,344,1,-1
address1422,142,0,0,2,1130,static/img/hotel1.jpg,name1422,phone1422,455,2,-1
address1423,142,0,0,3,1131,static/img/hotel5.jpg,name1423,phone1423,510,1,-1
address1423,142,0,0,3,1132,static/img/hotel5.jpg,name1423,phone1423,699,2,-1
address1424,142,0,0,4,1133,static/img/hotel9.jpg,name1424,phone1424,329,1,-1
address1424,142,0,0,4,1134,static/img/hotel9.jpg,name1424,phone1424,678,2,-1
address1425,142,0,0,5,1135,static/img/hotel3.jpg,name1425,phone1425,530,1,-1
address1425,142,0,0,5,1136,static/img/hotel3.jpg,name1425,phone1425,812,2,-1
address1432,143,0,0,2,1137,static/img/hotel2.jpg,name1432,phone1432,397,1,-1
address1432,143,0,0,2,1138,static/img/hotel2.jpg,name1432,phone1432,673,2,-1
address1433,143,0,0,3,1139,static/img/hotel6.jpg,name1433,phone1433,529,1,-1
address1433,143,0,0,3,1140,static/img/hotel6.jpg,name1433,phone1433,520,2,-1
address1434,143,0,0,4,1141,static/img/hotel0.jpg,name1434,phone1434,558,1,-1
address1434,143,0,0,4,1142,static/img/hotel0.jpg,name1434,phone1434,558,2,-1
address1435,143,0,0,5,1143,static/img/hotel4.jpg,name1435,phone1435,554,1,-1
address1435,143,0,0,5,1144,static/img/hotel4.jpg,name1435,phone1435,819,2,-1
address1442,144,0,0,2,1145,static/img/hotel3.jpg,name1442,phone1442,204,1,-1
address1442,144,0,0,2,1146,static/img/hotel3.jpg,name1442,phone1442,581,2,-1
address1443,144,0,0,3,1147,static/img/hotel7.jpg,name1443,phone1443,414,1,-1
address1443,144,0,0,3,1148,static/img/hotel7.jpg,name1443,phone1443,640,2,-1
address1444,144,0,0,4,1149,static/img/hotel1.jpg,name1444,phone1444,459,1,-1
address1444,144,0,0,4,1150,static/img/hotel1.jpg,name1444,phone1444,592,2,-1
address1445,144,0,0,5,1151,static/img/hotel5.jpg,name1445,phone1445,488,1,-1
address1445,144,0,0,5,1152,static/img/hotel5.jpg,name1445,phone1445,617,2,-1
address1452,145,0,0,2,1153,static/img/hotel4.jpg,name1452,phone1452,267,1,-1
address1452,145,0,0,2,1154,static/img/hotel4.jpg,name1452,phone1452,642,2,-1
address1453,145,0,0,3,1155,static/img/hotel8.jpg,name1453,phone1453,433,1,-1
address1453,145,0,0,3,1156,static/img/hotel8.jpg,name1453,phone1453,533,2,-1
address1454,145,0,0,4,1157,static/img/hotel2.jpg,name1454,phone1454,565,1,-1
address1454,145,0,0,4,1158,static/img/hotel2.jpg,name1454,phone1454,713,2,-1
address1455,145,0,0,5,1159,static/img/hotel6.jpg,name1455,phone1455,601,1,-1
address1455,145,0,0,5,1160,static/img/hotel6.jpg,name1455,phone1455,697,2,-1
address1462,146,0,0,2,1161,static/img/hotel5.jpg,name1462,phone1462,286,1,-1
address1462,146,0,0,2,1162,static/img/hotel5.jpg,name1462,phone1462,444,2,-1
address1463,146,0,0,3,1163,static/img/hotel9.jpg,name1463,phone1463,300,1,-1
address1463,146,0,0,3,1164,static/img/hotel9.jpg,name1463,phone1463,740,2,-1
address1464,146,0,0,4,1165,static/img/hotel3.jpg,name1464,phone1464,553,1,-1
address1464,146,0,0,4,1166,static/img/hotel3.jpg,name1464,phone1464,666,2,-1
address1465,146,0,0,5,1167,static/img/hotel7.jpg,name1465,phone1465,484,1,-1
address1465,146,0,0,5,1168,static/img/hotel7.jpg,name1465,phone1465,561,2,-1
address1472,147,0,0,2,1169,static/img/hotel6.jpg,name1472,phone1472,314,1,-1
address1472,147,0,0,2,1170,static/img/hotel6.jpg,name1472,phone1472,698,2,-1
address1473,147,0,0,3,1171,static/img/hotel0.jpg,name1473,phone1473,284,1,-1
address1473,147,0,0,3,1172,static/img/hotel0.jpg,name1473,phone1473,499,2,-1
address1474,147,0,0,4,1173,static/img/hotel4.jpg,name1474,phone1474,382,1,-1
address1474,147,0,0,4,1174,static/img/hotel4.jpg,name1474,phone1474,673,2,-1
address1475,147,0,0,5,1175,static/img/hotel8.jpg,name1475,phone1475,546,1,-1
address1475,147,0,0,5,1176,static/img/hotel8.jpg,name1475,phone1475,825,2,-1
address1482,148,0,0,2,1177,static/img/hotel7.jpg,name1482,phone1482,331,1,-1
address1482,148,0,0,2,1178,static/img/hotel7.jpg,name1482,phone1482,547,2,-1
address1483,148,0,0,3,1179,static/img/hotel1.jpg,name1483,phone1483,539,1,-1
address1483,148,0,0,3,1180,static/img/hotel1.jpg,name1483,phone1483,528,2,-1
address1484,148,0,0,4,1181,static/img/hotel5.jpg,name1484,phone1484,396,1,-1
address1484,148,0,0,4,1182,static/img/hotel5.jpg,name1484,phone1484,669,2,-1
address1485,148,0,0,5,1183,static/img/hotel9.jpg,name1485,phone1485,583,1,-1
address1485,148,0,0,5,1184,static/img/hotel9.jpg,name1485,phone1485,550,2,-1
address1492,149,0,0,2,1185,static/img/hotel8.jpg,name1492,phone1492,334,1,-1
address1492,149,0,0,2,1186,static/img/hotel8.jpg,name1492,phone1492,599,2,-1
address1493,149,0,0,3,1187,static/img/hotel2.jpg,name1493,phone1493,380,1,-1
address1493,149,0,0,3,1188,static/img/hotel2.jpg,name1493,phone1493,517,2,-1
address1494,149,0,0,4,1189,static/img/hotel6.jpg,name1494,phone1494,546,1,-1
address1494,149,0,0,4,1190,static/img/hotel6.jpg,name1494,phone1494,622,2,-1
address1495,149,0,0,5,1191,static/img/hotel0.jpg,name1495,phone1495,359,1,-1
address1495,149,0,0,5,1192,static/img/hotel0.jpg,name1495,phone1495,801,2,-1
address1502,150,0,0,2,1193,static/img/hotel9.jpg,name1502,phone1502,268,1,-1
address1502,150,0,0,2,1194,static/img/hotel9.jpg,name1502,phone1502,560,2,-1
address1503,150,0,0,3,1195,static/img/hotel3.jpg,name1503,phone1503,377,1,-1
address1503,150,0,0,3,1196,static/img/hotel3.jpg,name1503,phone1503,598,2,-1
address1504,150,0,0,4,1197,static/img/hotel7.jpg,name1504,phone1504,309,1,-1
address1504,150,0,0,4,1198,static/img/hotel7.jpg,name1504,phone1504,597,2,-1
address1505,150,0,0,5,1199,static/img/hotel1.jpg,name1505,phone1505,353,1,-1
address1505,150,0,0,5,1200,static/img/hotel1.jpg,name1505,phone1505,823,2,-1
address1512,151,0,0,2,1201,static/img/hotel0.jpg,name1512,phone1512,225,1,-1
address1512,151,0,0,2,1202,static/img/hotel0.jpg,name1512,phone1512,491,2,-1
address1513,151,0,0,3,1203,static/img/hotel4.jpg,name1513,phone1513,424,1,-1
address1513,151,0,0,3,1204,static/img/hotel4.jpg,name1513,phone1513,680,2,-1
address1514,151,0,0,4,1205,static/img/hotel8.jpg,name1514,phone1514,507,1,-1
address1514,151,0,0,4,1206,static/img/hotel8.jpg,name1514,phone1514,546,2,-1
address1515,151,0,0,5,1207,static/img/hotel2.jpg,name1515,phone1515,375,1,-1
address1515,151,0,0,5,1208,static/img/hotel2.jpg,name1515,phone1515,552,2,-1
address1522,152,0,0,2,1209,static/img/hotel1.jpg,name1522,phone1522,308,1,-1
address1522,152,0,0,2,1210,static/img/hotel1.jpg,name1522,phone1522,419,2,-1
address1523,152,0,0,3,1211,static/img/hotel5.jpg,name1523,phone1523,481,1,-1
address1523,152,0,0,3,1212,static/img/hotel5.jpg,name1523,phone1523,615,2,-1
address1524,152,0,0,4,1213,static/img/hotel9.jpg,name1524,phone1524,420,1,-1
address1524,152,0,0,4,1214,static/img/hotel9.jpg,name1524,phone1524,630,2,-1
address1525,152,0,0,5,1215,static/img/hotel3.jpg,name1525,phone1525,368,1,-1
address1525,152,0,0,5,1216,static/img/hotel3.jpg,name1525,phone1525,625,2,-1
address1532,153,0,0,2,1217,static/img/hotel2.jpg,name1532,phone1532,289,1,-1
address1532,153,0,0,2,1218,static/img/hotel2.jpg,name1532,phone1532,578,2,-1
address1533,153,0,0,3,1219,static/img/hotel6.jpg,name1533,phone1533,469,1,-1
address1533,153,0,0,3,1220,static/img/hotel6.jpg,name1533,phone1533,701,2,-1
address1534,153,0,0,4,1221,static/img/hotel0.jpg,name1534,phone1534,512,1,-1
address1534,153,0,0,4,1222,static/img/hotel0.jpg,name1534,phone1534,760,2,-1
address1535,153,0,0,5,1223,static/img/hotel4.jpg,name1535,phone1535,544,1,-1
address1535,153,0,0,5,1224,static/img/hotel4.jpg,name1535,phone1535,780,2,-1
address1542,154,0,0,2,1225,static/img/hotel3.jpg,name1542,phone1542,498,1,-1
address1542,154,0,0,2,1226,static/img/hotel3.jpg,name1542,phone1542,468,2,-1
address1543,154,0,0,3,1227,static/img/hotel7.jpg,name1543,phone1543,378,1,-1
address1543,154,0,0,3,1228,static/img/hotel7.jpg,name1543,phone1543,639,2,-1
address1544,154,0,0,4,1229,static/img/hotel1.jpg,name1544,phone1544,374,1,-1
address1544,154,0,0,4,1230,static/img/hotel1.jpg,name1544,phone1544,506,2,-1
address1545,154,0,0,5,1231,static/img/hotel5.jpg,name1545,phone1545,466,1,-1
address1545,154,0,0,5,1232,static/img/hotel5.jpg,name1545,phone1545,645,2,-1
546,41,0,10,5,1233,static/img/.jpg,,0571-85166888,666,1,-1
546,41,0,9,5,1234,static/img/.jpg,,0571-85166888,999,2,-1
86,41,0,1,4,1235,static/img/.jpg,,0571-87183666,523,1,-1
86,41,0,2,4,1236,static/img/.jpg,,0571-87183666,623,2,-1
138,41,0,1,4,1237,static/img/.jpg,,0571-87982183,357,1,-1
138,41,0,1,4,1238,static/img/.jpg,,0571-87982183,579,2,-1
480,41,0,0,3,1239,static/img/.jpg,,0571-86758099,333,1,-1
480,41,0,2,3,1240,static/img/.jpg,,0571-86758099,666,2,-1
5,41,0,11,2,1241,static/img/.jpg,,0571-87382888,333,1,-1
5,41,0,22,2,1242,static/img/.jpg,,0571-87382888,444,2,-1
33,5,0,6,5,1243,static/img/.jpg,,010-65137766,699,1,-1
33,5,0,14,5,1244,static/img/.jpg,,010-65137766,799,2,-1
,5,0,0,3,1245,static/img/.jpg,,010-64577788,799,1,-1
,5,0,10,3,1246,static/img/.jpg,,010-64577788,799,2,-1
126,5,0,2,2,1247,static/img/.jpg,,010-66180070,299,1,-1
126,5,0,2,2,1248,static/img/.jpg,,010-66180070,488,2,-1
