HangZhouShi XiaChengQu YanAnLu 546Hao,2,0,0,5,10,static/img/HangZhouDaJiuDian.jpg,HangZhouDaJiuDian,0571-85166888,666,1,-1
HangZhouShi XiaChengQu YanAnLu 546Hao,2,0,0,5,11,static/img/HangZhouDaJiuDian.jpg,HangZhouDaJiuDian,0571-85166888,999,2,-1
HangZhou YouDianLu 86Hao,2,0,0,4,12,static/img/HangZhouRenHeFanDian.jpg,HangZhouRenHeFanDian,0571-87183666,523,1,-1
HangZhou YouDianLu 86Hao,2,0,0,4,13,static/img/HangZhouRenHeFanDian.jpg,HangZhouRenHeFanDian,0571-87183666,777,2,-1
HangZhou XiHuQu YuGuLu 138Hao,2,0,0,4,14,static/img/HangZhouYuQuanFanDian.jpg,HangZhouYuQuanFanDian,0571-87982183,357,1,-1
HangZhou XiHuQu YuGuLu 138Hao,2,0,0,4,15,static/img/HangZhouYuQuanFanDian.jpg,HangZhouYuQuanFanDian,0571-87982183,579,2,-1
HangZhou XiaChengQu WuLinLu 480Hao,2,0,0,3,16,static/img/RuJiaKuaiJieJiuDian.jpg,RuJiaKuaiJieJiuDian,0571-86758099,333,1,-1
HangZhou XiaChengQu WuLinLu 480Hao,2,0,0,3,17,static/img/RuJiaKuaiJieJiuDian.jpg,RuJiaKuaiJieJiuDian,0571-86758099,666,2,-1
HangZhou XiHuQu ShuGuangLu WaiDongShanNong 5Hao,2,0,0,2,18,static/img/BuDingJiuDianLianSuo.jpg,BuDingJiuDianLianSuo,0571-87382888,333,1,-1
HangZhou XiHuQu ShuGuangLu WaiDongShanNong 5Hao,2,0,0,2,19,static/img/BuDingJiuDianLianSuo.jpg,BuDingJiuDianLianSuo,0571-87382888,444,2,-1
BeiJing DongChengQu ChangAnJie 33Hao,1,0,0,5,20,static/img/BeiJingFanDian.jpg,BeiJingFanDian,010-65137766,699,1,-1
BeiJing DongChengQu ChangAnJie 33Hao,1,0,0,5,21,static/img/BeiJingFanDian.jpg,BeiJingFanDian,010-65137766,799,2,-1
BeiJing ChaoYangQu ShouDuJiChang GaoSuLuPang,1,0,0,3,222,static/img/BeiJingShouDuJiChangBinGuan.jpg,BeiJingShouDuJiChangBinGuan,010-64577788,799,1,-1
BeiJing ChaoYangQu ShouDuJiChang GaoSuLuPang,1,0,0,3,2222,static/img/BeiJingShouDuJiChangBinGuan.jpg,BeiJingShouDuJiChangBinGuan,010-64577788,799,2,-1